,Coefficient,order
cg21493505,0.008340117881215296,1.0
cg08715791,1.5842689743299045,1.0
cg11435167,0.13336306156565625,1.0
cg00702638,1.8950982958094797,1.0
cg18728264,1.0805987563507748,1.0
cg00330825,-0.10936993066910182,1.0
cg13460409,0.17373054828867543,1.0
cg05902130,-0.2613938539088844,1.0
cg26280179,0.3596779657218769,1.0
cg20706495,-0.0060250910462237755,1.0
cg01430430,-0.5177453986279309,1.0
cg04845871,-0.43328743247480445,1.0
cg13210467,0.5331523406395865,1.0
cg04988273,0.2505736253756521,1.0
cg03661324,0.7149952770140363,1.0
cg13417891,-0.09419150161348808,1.0
cg00066663,-0.31837613719026037,1.0
cg21911851,0.07838367943294133,1.0
cg12100751,0.22940225125010602,1.0
cg27665659,0.7634130761726591,1.0
cg13033070,0.04994208299200147,1.0
cg14013080,-0.07999513167653188,1.0
cg18008766,1.0182449919432632,1.0
cg22964621,0.20987297369936164,1.0
cg19628988,-0.5505101070726707,1.0
cg11864326,0.1673387836122036,1.0
cg19480385,-0.2259514809372046,1.0
cg01810111,2.2526072022439196,1.0
cg02821342,-1.7029319355032984,1.0
cg07066898,1.0535275756477707,1.0
cg02624067,0.15267415595512926,1.0
cg12644845,1.1400526266093807,1.0
cg05364179,0.0967818803651745,1.0
cg17291767,0.6661364697491693,1.0
cg01670876,-0.3942160947390668,1.0
cg04738827,0.5118740410457973,1.0
cg21899500,0.19106345682375211,1.0
cg04658615,0.05873139155205538,1.0
cg25805482,0.02613933961699822,1.0
cg12850242,1.278412994844951,1.0
cg03888064,0.013517053332416743,1.0
cg06621425,0.13916998221193821,1.0
cg04453471,-0.44929275124736034,1.0
cg27523527,1.8777927116286781,1.0
cg21994822,-0.08209059401156842,1.0
cg00933859,0.3430943364223891,1.0
cg05529123,0.023159388000953858,1.0
cg08031689,-0.39322840369910744,1.0
cg22199118,1.0869876261896954,1.0
cg26940328,-0.044198890605922615,1.0
cg00333800,0.2501984075145941,1.0
cg02895699,0.6905916611977404,1.0
cg16848937,0.8746373021522881,1.0
cg27320127,1.1388802312456816,1.0
cg03900492,0.08901206777209945,1.0
cg27196999,0.8878510721672991,1.0
cg07890839,-0.24002571571987433,1.0
cg22809047,0.13844152440423396,1.0
cg01233722,0.6345830195083183,1.0
cg22965752,0.7045975818464887,1.0
cg12628075,0.038307095285474074,1.0
cg01200264,0.23985743941892654,1.0
cg15858166,0.45945849364529456,1.0
cg09124230,-0.031131064715860114,1.0
cg07129978,-0.20801342202805212,1.0
cg08209133,0.22199161969795733,1.0
cg21572722,2.096257601294907,1.0
cg26372517,-0.031594095806247204,1.0
cg25602692,0.2373582852108358,1.0
cg04801430,0.5650868667934102,1.0
cg09222577,0.22299292293076103,1.0
cg24936781,-0.6678286911303721,1.0
cg06385324,0.005813458380615291,1.0
cg13454524,0.12282844669708011,1.0
cg20404336,0.6749711214528308,1.0
cg20312457,0.9759607036337637,1.0
cg26522319,0.5456312699173764,1.0
cg26681017,0.43864013908497546,1.0
cg26518431,0.12722838548387488,1.0
cg23681440,-1.2381354287965218,1.0
cg25408620,-0.205168863219864,1.0
cg19764555,-0.7832059643070284,1.0
cg13384396,0.08172306642779543,1.0
cg02248729,-0.06483421255239513,1.0
cg08614301,0.4499264643665445,1.0
cg01763090,1.1248990925503164,1.0
cg12678562,2.469187429194823,1.0
cg02605776,-0.1443892766387697,1.0
cg04368796,0.6619204869883122,1.0
cg10548492,0.2572571834842764,1.0
cg26158710,0.33002283145164074,1.0
cg11324953,0.14882925967361854,1.0
cg23090603,-0.912608001977198,1.0
cg12018403,0.02796761262455614,1.0
cg16580935,0.18760051735377875,1.0
cg20915763,-0.007680618777938853,1.0
cg22548551,0.26143488385185976,1.0
cg06417426,-0.07054242913686543,1.0
cg06968741,-0.5053269587694823,1.0
cg01792749,0.0818978050389562,1.0
cg11383802,0.002156339683194164,1.0
cg07589899,3.1244298622886313,1.0
cg02498072,0.026815316741904446,1.0
cg22235821,-0.49260915007068334,1.0
cg09340403,0.2129365155767329,1.0
cg27510539,-0.641906222390571,1.0
cg24406771,0.16177633462985386,1.0
cg12550600,1.1880186986009391,1.0
cg22454769,5.339111561221933,1.0
cg07850604,0.11073971038574984,1.0
cg14392725,0.013729407034630782,1.0
cg13484553,1.3968486464913075,1.0
cg06568490,-0.4162500775866068,1.0
cg11614451,0.8929749352933029,1.0
cg03666203,-0.16336876087414595,1.0
cg25219333,0.19220281066827122,1.0
cg20048434,-0.4347612004689239,1.0
cg26734668,0.3647704269937638,1.0
cg24748631,0.09717512082225967,1.0
cg06202426,0.027920975739977556,1.0
cg05940240,-0.6729020097382417,1.0
cg17566735,-1.193083223011654,1.0
cg06648759,1.3347039953862434,1.0
cg13166781,0.03068359403497577,1.0
cg16235809,-0.035228952413147115,1.0
cg04212239,1.9717612849222883,1.0
cg05101846,0.1212602343481112,1.0
cg00213745,0.06854734843158605,1.0
cg25410668,1.497863964806652,1.0
cg09010067,0.1931029857115401,1.0
cg02375320,0.24592544088633397,1.0
cg05960039,-1.1307385203057476,1.0
cg08707471,0.07892176554841929,1.0
cg25139493,0.0021432026113699814,1.0
cg03607117,0.2295202817697884,1.0
cg00853853,1.2314582002587129,1.0
cg04617914,-0.14731429590476325,1.0
cg04348023,0.18889555766795477,1.0
cg24214260,0.5760333803675168,1.0
cg23998119,2.343283377423334,1.0
cg11188440,0.22717198504559732,1.0
cg26000536,-0.07491070263696618,1.0
cg01153946,0.36986518593157003,1.0
cg06602545,-0.34525471545306613,1.0
cg10374202,0.5586099761946594,1.0
cg12806728,0.035023406328486516,1.0
cg13735018,0.5882812205245352,1.0
cg04753583,0.2470367084336288,1.0
cg11177223,-0.24641788381286403,1.0
cg10252600,0.2006978771564335,1.0
cg09547119,0.9889279235234205,1.0
cg06359056,-0.7723716434060418,1.0
cg23654821,-0.0947422315913523,1.0
cg17333791,-0.2514301271315926,1.0
cg08523456,-0.0446564041681269,1.0
cg11439826,-0.03843950961903833,1.0
cg18468088,2.244692406629221,1.0
cg03495084,-0.17459013065102424,1.0
cg19576099,0.06775945199118812,1.0
cg26312935,-0.8699056910907476,1.0
cg24495643,-0.6225547365648096,1.0
cg01128642,-0.13879769947249657,1.0
cg12600201,0.045410601501666474,1.0
cg16565562,-0.8359951394344298,1.0
cg12403132,1.1259400126819925,1.0
cg21236182,0.03464994022820024,1.0
cg09205190,0.37074291981846197,1.0
cg05638500,-0.7217349117139409,1.0
cg07992385,-0.5039645028643963,1.0
cg23854009,2.766240237967258,1.0
cg00160262,0.37124006168765167,1.0
cg14763104,-0.4079444799567169,1.0
cg02987387,-0.6774047300543811,1.0
cg21467631,0.3796074636056477,1.0
cg02016419,0.38612317625718257,1.0
cg18424233,0.5387093838269628,1.0
cg01807825,0.5334833398727189,1.0
cg02917867,-1.300026075599368,1.0
cg01844642,1.1710214800185754,1.0
cg21442182,0.13815572336780269,1.0
cg07303143,5.387675349112732,1.0
cg01939535,0.333434919017358,1.0
cg05207107,0.10095396031554431,1.0
cg10729426,4.349042628804977,1.0
cg21723689,0.04966460325600511,1.0
cg18254586,-0.036537318765651125,1.0
cg26161329,0.573855896926505,1.0
cg23995914,4.528996035670188,1.0
cg00059225,0.6123401007143308,1.0
cg02265758,0.868999010562211,1.0
cg23275972,0.2506076185794497,1.0
cg14692377,0.3054477153639447,1.0
cg16173109,0.7902024238041973,1.0
cg21002399,0.11383088055390068,1.0
cg00985983,-0.004600878622807113,1.0
cg16313343,0.12801570794029246,1.0
cg27082921,-0.23345961496770165,1.0
cg14956327,-1.0368679559586784,1.0
cg26724841,0.13571955467295577,1.0
cg24170085,-0.5415737456395747,1.0
cg26956371,0.28163114846007564,1.0
cg25478614,1.5947151475357786,1.0
cg10778288,0.11075475487797366,1.0
cg24136314,-0.23150033660687033,1.0
cg16033151,-0.905838619679332,1.0
cg01142735,0.13901207004312868,1.0
cg13735557,0.04506555400064243,1.0
cg16489193,0.46421918963927056,1.0
cg08545268,0.1568051854790273,1.0
cg07048623,1.1841131177983646,1.0
cg13030331,0.40103125751107566,1.0
cg18825458,-0.3630583422724988,1.0
cg01346501,-1.2022690015278472,1.0
cg05205932,0.8236324909575987,1.0
cg16839815,0.2807477590289377,1.0
cg00590036,1.7910835821149713,1.0
cg04920474,0.23300111299595358,1.0
cg15077792,0.17942331119707006,1.0
cg08472142,0.31914663699092216,1.0
cg20674174,0.06134821735575787,1.0
cg02458141,-0.5297058648993799,1.0
cg08739115,-0.40721012392203376,1.0
cg23992209,0.12488500092577691,1.0
cg15058210,-0.5286283020112478,1.0
cg14756040,0.10272924420363057,1.0
cg21107044,-0.13427973357010164,1.0
cg26400491,0.274236220458849,1.0
cg06413398,-1.5818885495610937,1.0
cg17319889,-0.25089217234461547,1.0
cg11601932,3.156392383600029,1.0
cg07966572,0.2870984367634979,1.0
cg03664992,0.18216232288063933,1.0
cg08873568,0.1013980406152678,1.0
cg20998200,-0.5564300845120023,1.0
cg15288779,0.37702346837078565,1.0
cg03114595,-0.577978954577718,1.0
cg18569335,0.9884804678724568,1.0
cg01287833,-0.04944960371677779,1.0
cg14818413,0.3410226192489651,1.0
cg03025135,-0.7748153434757103,1.0
cg12589298,0.647128446140047,1.0
cg05764422,-0.47094005687846524,1.0
cg00518190,0.47229205877896696,1.0
cg10569694,0.9085365981997433,1.0
cg14191040,0.3872418621547795,1.0
cg13935689,0.7270153350424524,1.0
cg12160087,-0.13118289603784905,1.0
cg24342283,-0.6129668996961299,1.0
cg22228613,0.30553776079268485,1.0
cg05351173,0.07303788580065508,1.0
cg11594887,-0.25690697920384337,1.0
cg07841232,-0.08799717303380786,1.0
cg09169682,0.5808264797072792,1.0
cg17425351,0.6207628722158733,1.0
cg05404847,-0.04618939045046521,1.0
cg07252363,0.634763782626214,1.0
cg03250779,-0.011987103710395316,1.0
cg00621084,0.21874701091570467,1.0
cg01109333,0.23168787443119676,1.0
cg07388347,0.6321080926430408,1.0
cg27514333,-1.1307915349135904,1.0
cg12528981,-0.4377742683212933,1.0
cg03507326,2.066439705294016,1.0
cg02464551,0.4620267107635072,1.0
cg05605029,-0.8229975632837052,1.0
cg25090514,1.4475773959433509,1.0
cg04467832,0.09965428612054042,1.0
cg03602360,0.09734197678854412,1.0
cg07069844,-0.8910212855072757,1.0
cg11230435,-1.1450690560172119,1.0
cg01250212,0.537362566156021,1.0
cg16886882,0.32492651931456945,1.0
cg08515646,0.464469211515647,1.0
cg02611812,-0.06448736745203867,1.0
cg12002745,-0.547891347324028,1.0
cg03705784,0.6482494568056195,1.0
cg04995846,-0.6003517309276032,1.0
cg26894278,0.15090346691234502,1.0
cg02319990,0.10591173697340511,1.0
cg02189888,0.07080514491268058,1.0
cg04983821,-0.7387518380069358,1.0
cg23974739,-0.14524452142207486,1.0
cg24335751,0.369980617369301,1.0
cg08872313,-0.44245645931632754,1.0
cg09321307,-0.1142672079221916,1.0
cg21055462,-0.07437139657121428,1.0
cg01910125,0.19960965594353353,1.0
cg08498836,-0.7264173062401739,1.0
cg13699808,0.34946720793044,1.0
cg11419064,0.10930896762634042,1.0
cg27559724,0.5249189636626378,1.0
cg08509427,-0.18297271477787674,1.0
cg01499591,-0.2052132112638973,1.0
cg09630142,-0.8468908534467141,1.0
cg06335143,1.0535337941393559,1.0
cg04514469,-0.3792416686915764,1.0
cg18711369,-0.02711657632139768,1.0
cg14284211,-0.8593509416739861,1.0
cg11071401,3.0606593140329306,1.0
cg05690394,-0.13394091010683026,1.0
cg04684267,0.8968589572807536,1.0
cg02220965,1.586123334504073,1.0
cg01767885,0.19088124762829106,1.0
cg08026930,1.3190468872882617,1.0
cg17540575,0.05489531305316128,1.0
cg08985669,-0.07403118715066406,1.0
cg26005232,0.31328564508244355,1.0
cg05906092,0.6770801921771064,1.0
cg09571376,-0.13697206657935068,1.0
cg22701032,0.3928193051973365,1.0
cg20701183,-0.4635820588445716,1.0
cg20497968,0.3715651885383844,1.0
cg14808040,0.6024189644869612,1.0
cg09233658,-0.22791522144345136,1.0
cg19028462,0.5911335856094928,1.0
cg13816999,0.2700214194860947,1.0
cg26760589,-0.8545548507726501,1.0
cg20826151,-0.17994804402873293,1.0
cg07068187,-0.24310090431325354,1.0
cg20371046,0.966799676949171,1.0
cg05035315,0.7558793617738061,1.0
cg08024169,0.40251650412343104,1.0
cg07164639,-1.7632994018661918,1.0
cg04177015,-0.1833781536188644,1.0
cg00092518,1.1766415879723235,1.0
cg04519177,0.4660177198079698,1.0
cg00462362,-0.027444527549469747,1.0
cg02383785,0.7057686960719968,1.0
cg07477924,0.25215726190763305,1.0
cg06539449,-0.07525811064612963,1.0
cg01154527,0.41772378720931314,1.0
cg05903736,-0.3260319030047075,1.0
cg17352276,0.31088952054294466,1.0
cg17319788,0.15511309734685697,1.0
cg26849884,0.3685874966638515,1.0
cg10716760,0.04541118225722122,1.0
cg11335119,0.21374109436227562,1.0
cg03140135,-1.24712585426439,1.0
cg23606718,3.009581891097972,1.0
cg14755066,0.5773858452432865,1.0
cg10071550,0.6062179359536431,1.0
cg26283240,0.632549129554615,1.0
cg26853787,-0.12460535173314173,1.0
cg09124496,-1.924219986676843,1.0
cg14063191,1.037202409232381,1.0
cg24466241,0.5423416346433515,1.0
cg07467765,0.06930310079145928,1.0
cg27635976,0.46560175880525256,1.0
cg09706021,-0.07055988403031192,1.0
cg20308540,0.9828263834763333,1.0
cg04065767,0.19008943175133552,1.0
cg08472222,0.12157271570654132,1.0
cg15735954,-0.22844181367795113,1.0
cg02987482,-0.4890911556230072,1.0
cg11359984,0.06400523674381278,1.0
cg05061107,-0.2737823404609592,1.0
cg02561802,-0.136512215635288,1.0
cg04705318,0.22730129477170677,1.0
cg11566154,0.21691033833264414,1.0
cg00707814,0.011489861233883443,1.0
cg05525368,0.8105541378678338,1.0
cg27503117,0.04744375152520983,1.0
cg25693132,0.29308754386282354,1.0
cg25845867,-0.0828018717012673,1.0
cg02516456,0.04532572982295542,1.0
cg21457856,0.05289621857482789,1.0
cg26656884,-0.06709254301305555,1.0
cg12121535,-0.1479961453992859,1.0
cg01154966,0.29691568731123374,1.0
cg09080114,-0.6633661038478651,1.0
cg21092388,0.18021276613340118,1.0
cg02922817,0.5052003777387962,1.0
cg23123731,0.5299939006813552,1.0
cg17508941,1.1128894097227242,1.0
cg12555334,0.1718578627486266,1.0
cg09251600,0.4434544697722227,1.0
cg23813012,0.7333485165462258,1.0
cg06955716,0.07494515658485457,1.0
cg05632420,-0.9415617155266467,1.0
cg03781727,0.36246876953107876,1.0
cg03660034,-0.36954046385854794,1.0
cg13818276,-0.2932083507415262,1.0
cg01346152,-0.0628914007814132,1.0
cg13583523,-0.4038166786952465,1.0
cg15036326,0.22826018114121804,1.0
cg26887212,0.06941581587359585,1.0
cg07420163,0.1665198268093647,1.0
cg16969368,0.5716104220875686,1.0
cg12906975,-0.5648330943281604,1.0
cg14112635,0.08481234467724304,1.0
cg10204725,0.026161560828766823,1.0
cg00086493,0.26424786310161996,1.0
cg14434062,-0.21030561599734987,1.0
cg23250700,-0.19347181218247683,1.0
cg13547132,0.03793021655733423,1.0
cg19462635,-0.5068529241591344,1.0
cg15488596,0.6941370256777477,1.0
cg22337624,-0.03578871100533633,1.0
cg15022387,0.395872632277768,1.0
cg07344086,0.025728611208174133,1.0
cg21182694,0.6859938275580164,1.0
cg25744613,-1.6409982662616442,1.0
cg13520736,0.3544772464388842,1.0
cg22331349,2.114108429900291,1.0
cg04017672,-0.5014352844376225,1.0
cg09665332,0.004074484537385843,1.0
cg16873271,-0.18651494164174703,1.0
cg17120578,1.4371247643745457,1.0
cg11075316,0.030572865022893067,1.0
cg08161081,-0.177434930136934,1.0
cg06543974,-0.6851861272723425,1.0
cg14676592,1.759681381537202,1.0
cg10822545,0.05264420659784388,1.0
cg13289553,0.20938196483768612,1.0
cg08677954,0.40322259129478966,1.0
cg09648727,-2.115069792451588,1.0
cg12165943,0.10580797769256473,1.0
cg02059082,-0.6300878406744973,1.0
cg01213231,0.058288838664050005,1.0
cg03370704,-0.875326101763613,1.0
cg23575858,0.0022688983783650625,1.0
cg16596052,0.390765605410429,1.0
cg27531832,-0.02382181507353531,1.0
cg03467047,0.7152742089677091,1.0
cg17243289,1.8642984709006207,1.0
cg26360924,-0.1755911928123434,1.0
cg21930712,0.035908328879413635,1.0
cg16867657,6.261659071848493,1.0
cg08543966,-1.273372970029026,1.0
cg02251393,-0.2896520176473492,1.0
cg25246431,1.2691295322697627,1.0
cg01019875,0.48671130541883456,1.0
cg23040782,0.7959662406254226,1.0
cg13378934,0.6775852230716758,1.0
cg12315353,-0.9008148121956872,1.0
cg13880868,-0.6319504006595114,1.0
cg16767590,0.15746935624170774,1.0
cg01329687,0.1653487272649999,1.0
cg12678507,0.09410287701129823,1.0
cg25047092,0.5515295592767107,1.0
cg24899995,-0.023177920268528704,1.0
cg03664527,-0.37011433221165446,1.0
cg11654118,0.2408397256909414,1.0
cg23612072,-0.24613934873528612,1.0
cg01579024,0.16506159893968106,1.0
cg11724590,-0.42926809345325867,1.0
cg10142237,-1.702421278879067,1.0
cg02778609,-0.06864319020217925,1.0
cg06707236,0.7939345452005381,1.0
cg13353879,-0.4082881297959045,1.0
cg08622677,1.2360750403140672,1.0
cg20897936,0.2612015458367027,1.0
cg20283771,0.7467762990414892,1.0
cg04271792,0.884999637125521,1.0
cg22166290,0.5268850791876687,1.0
cg22731981,0.2192070786137519,1.0
cg23022313,-0.3523991797801827,1.0
cg17402103,0.5912066347547907,1.0
cg07172885,0.6749818477348517,1.0
cg14640865,-0.13460318209288533,1.0
cg10501454,-0.9053720521427122,1.0
cg27188827,0.37972728625630764,1.0
cg23825231,-0.0072952384497529665,1.0
cg26652413,-0.40064282243166116,1.0
cg07194321,-0.15651563302698193,1.0
cg16662989,0.12470673560302352,1.0
cg14113931,0.2544999212627929,1.0
cg22736354,3.306494617759065,1.0
cg14555736,0.17484868761045788,1.0
cg09309112,0.04325280722574782,1.0
cg09774649,0.12879599629316713,1.0
cg22018051,-1.6246105204977543,1.0
cg15544720,0.19995567517530843,1.0
cg20953047,-0.023167330949766893,1.0
cg00208967,-0.2722141163019316,1.0
cg11970349,0.5917178401859355,1.0
cg16365064,-0.6889453642718375,1.0
cg17110586,0.5121912130619596,1.0
cg08419606,-0.15080646744847798,1.0
cg10532980,0.5419825459464818,1.0
cg19241311,0.433508409195595,1.0
cg00460776,0.6813073792463051,1.0
cg18878565,0.6641142050470307,1.0
cg13970540,-0.3772643321987215,1.0
cg23500537,2.9709859124666615,1.0
cg10578701,-0.005953133902816163,1.0
cg20000908,-0.12187022083674014,1.0
cg27648556,-0.07401936017908319,1.0
cg18633600,0.5353352144344257,1.0
cg01701837,0.07276815914413531,1.0
cg23736843,-0.24334107478643757,1.0
cg00439658,0.3416258835622801,1.0
cg02902946,0.028337862670056693,1.0
cg05898618,-0.27414357101088527,1.0
cg25427880,1.0898906661858259,1.0
cg10266681,0.027032253978692085,1.0
cg17862867,0.162006827839806,1.0
cg01071511,-0.20216776879611448,1.0
cg27438128,-0.41873692567761306,1.0
cg25771195,0.27533046833489366,1.0
cg03555227,2.449100068151149,1.0
cg23452220,-0.16364904168285316,1.0
cg08513626,-0.11064863557353652,1.0
cg01214340,0.2767301325061607,1.0
cg02413040,-0.7442218892732956,1.0
cg01644850,0.4013554224932866,1.0
cg05708550,1.1439250066479472,1.0
cg20518446,-0.5094901196944102,1.0
cg12873707,-2.9501162919506494,1.0
cg21787249,-0.07212489998651296,1.0
cg24118856,1.1826154987130868,1.0
cg11881599,0.24804324403876885,1.0
cg07477282,1.0507234257371967,1.0
cg19293162,-0.2858844116593603,1.0
cg24105287,-0.4263631004126263,1.0
cg02772159,0.46004804243981845,1.0
cg08287903,0.34942803993655164,1.0
cg02207944,0.8092663018056613,1.0
cg24559261,0.21539974550566385,1.0
cg06226384,0.2712907656863494,1.0
cg01415937,-0.21450982390597098,1.0
cg01071185,-0.29627713838233416,1.0
cg25001305,-0.18336773015217717,1.0
cg18159646,0.007323027981061983,1.0
cg17240133,0.6699472189672597,1.0
cg14044216,0.11621177563391945,1.0
cg01814027,-0.8959807803454576,1.0
cg05779272,-0.037969279391762346,1.0
cg21105175,0.08733532099054957,1.0
cg07606495,-0.1940587353817648,1.0
cg14126328,0.16593990693735153,1.0
cg04101015,-1.1056642953647642,1.0
cg20327845,-1.1708579785026636,1.0
cg27541691,1.2438374680834707,1.0
cg04084157,0.9115468302859431,1.0
cg04137576,-0.020769691699323425,1.0
cg12977135,0.09674903179616513,1.0
cg24914884,0.04552589509931002,1.0
cg12447832,0.6696823709074409,1.0
cg07654588,-0.18389545333539395,1.0
cg13201172,0.9060481800535897,1.0
cg27560132,0.17169290319547387,1.0
cg04427498,0.7317556575323778,1.0
cg05923914,-0.9898320341107686,1.0
cg06675784,-0.6555797104378666,1.0
cg23193410,0.5801041679720875,1.0
cg09612502,-0.05757780394400184,1.0
cg01868791,0.02554941847173046,1.0
cg23677780,0.5166147699251462,1.0
cg05258294,0.7546123258934166,1.0
cg08541518,0.348980693715894,1.0
cg20119148,1.7480125190994247,1.0
cg23652182,0.3317337283149559,1.0
cg00193959,-0.12491416281571795,1.0
cg23193759,1.59996745618039,1.0
cg27545630,0.015192605833639575,1.0
cg20692569,1.2576686736168632,1.0
cg15563355,0.3204016492283985,1.0
cg10254690,0.1797756175904711,1.0
cg16477091,0.5238968238719931,1.0
cg06357305,0.27630345824114416,1.0
cg10547761,0.27415422863593847,1.0
cg02091185,2.2039774373064174,1.0
cg21186966,-0.09683884339700466,1.0
cg10464418,-0.4805566676692083,1.0
cg01912040,2.6132876927149318,1.0
cg03554221,-0.07621269700280325,1.0
cg16374343,-0.38139212440641884,1.0
cg19753864,0.18326459892262084,1.0
cg15861156,-0.3780340070192431,1.0
cg00458016,0.7251074904598186,1.0
cg23851558,-1.3855768682202145,1.0
cg11905850,0.08128208910001146,1.0
cg14335159,0.3933059782832767,1.0
cg19399220,0.9091169693850106,1.0
cg25538571,-0.36325594538697836,1.0
cg06319762,0.10020373696758984,1.0
cg02076607,0.39227115156909653,1.0
cg17896965,0.672867041585429,1.0
cg07917031,-0.15838672347989233,1.0
cg04267284,-0.27566052640864913,1.0
cg23483765,0.1317668040472446,1.0
cg16855929,-0.3063995663601669,1.0
cg06100618,0.06323985340284426,1.0
cg02943595,-0.1933440830400182,1.0
cg24042452,0.31471436029978683,1.0
cg00167158,-0.3535399451533792,1.0
cg11852212,0.7811822398254319,1.0
cg24315421,-0.9556019399876031,1.0
cg10583997,0.13572066441221414,1.0
cg24724428,3.4921365281526455,1.0
cg08625482,-0.1645520205790097,1.0
cg08869700,0.08767839169187691,1.0
cg01649611,-0.45906440162641937,1.0
cg22967080,0.059638487645976644,1.0
cg24645149,-0.39438443094512193,1.0
cg15823461,0.070238274846194,1.0
cg16741128,-0.47928616218555187,1.0
cg06121469,0.9062681282280189,1.0
cg14976190,-0.3808296942318998,1.0
cg15165154,-0.8839767808242723,1.0
cg14583999,-0.6670123352775202,1.0
cg20078454,0.8149875505897668,1.0
cg09864457,0.3148168562901306,1.0
cg03545227,1.8795188681706807,1.0
cg09518195,-0.20246221982267976,1.0
cg02331561,1.3281760222468029,1.0
cg15029935,0.26809099026280625,1.0
cg12256469,-0.2915894724187033,1.0
cg03989617,-0.5569555931094489,1.0
cg23396732,0.018284845973544718,1.0
cg25089598,0.09848800514243325,1.0
cg12063018,0.39254494475376256,1.0
cg11535638,-0.1369834393013555,1.0
cg15936446,0.36915144145332424,1.0
cg15243542,-0.08952435930556181,1.0
cg02849507,-0.2821645260319155,1.0
cg12623101,-0.15397938971747507,1.0
cg04833845,-0.9188963786945301,1.0
cg06376558,-0.019826905550916707,1.0
cg12435074,0.37309670496389735,1.0
cg01097897,0.4012869315192032,1.0
cg13649056,0.6641101411349314,1.0
cg25991569,-1.1041753307144901,1.0
cg18159289,0.2951568462050484,1.0
cg12547930,0.0009470381515448204,1.0
cg14871225,-0.6248413870927456,1.0
cg05096161,-0.3780274373245581,1.0
cg25148632,0.11132491209486196,1.0
cg02645295,-0.008488277393285667,1.0
cg25263189,0.6136478713870533,1.0
cg19609912,-0.43737051453153514,1.0
cg06993413,0.43800231634390996,1.0
cg18254364,-0.01953558036988613,1.0
cg19797042,0.37691888772885856,1.0
cg03834031,-0.5908921860096971,1.0
cg27046460,-0.25084897640676274,1.0
cg10501210,-5.13746030911837,1.0
cg27524403,-0.002086583666929551,1.0
cg25409140,-0.5291542308900773,1.0
cg25598685,-0.2947306977332472,1.0
cg05405742,-0.45705351640765257,1.0
cg05135521,-0.0456425240151196,1.0
cg11779053,-0.06895074206042881,1.0
cg03138446,0.2525096563695735,1.0
cg15409237,0.1986600984226148,1.0
cg11644627,-0.06732400975952212,1.0
cg23702848,-0.796716087349581,1.0
cg11341610,-0.6655457376999717,1.0
cg01426818,0.010291951724403543,1.0
cg11229185,1.1063583301227597,1.0
cg25405922,0.899690963352834,1.0
cg19380156,0.18248740720459952,1.0
cg08996748,0.0224471597053562,1.0
cg01512113,-0.08534164672276214,1.0
cg18404335,0.9524614056554838,1.0
cg11281396,0.26993680498172173,1.0
cg18148255,-0.049846928367819204,1.0
cg00394316,1.1567475469442752,1.0
cg14024328,0.4579624097645677,1.0
cg03303325,-0.1823710551253753,1.0
cg07521789,0.3145751348600534,1.0
cg18396626,-0.18889035555051004,1.0
cg01671895,-1.4696748821667303,1.0
cg26921969,1.5968728846585425,1.0
cg16164923,0.3537025826118256,1.0
cg24689061,0.39854301934762104,1.0
cg01138720,0.1578887604191649,1.0
cg04645070,-0.4671468073000355,1.0
cg12921411,-0.6591437865227,1.0
cg19333980,-0.016203896442905468,1.0
cg08904363,1.416229756549063,1.0
cg25015813,-0.04592307595622623,1.0
cg22017309,-0.026556698018215176,1.0
cg22273939,-0.02186936574710341,1.0
cg24459409,-0.09816651800494919,1.0
cg16139785,0.14751081046075992,1.0
cg18034577,0.4332972607209732,1.0
cg08318076,0.7542071095877333,1.0
cg11061975,0.21180422394608533,1.0
cg13575161,0.43080941202198136,1.0
cg12582003,0.0819929147108759,1.0
cg27527874,0.11562891239491381,1.0
cg11336590,-0.1613130835579282,1.0
cg16603784,0.012916103141341782,1.0
cg21537049,-0.45457328377600675,1.0
cg18240400,0.2325376435854382,1.0
cg26837962,0.38503749048093877,1.0
cg26025224,-0.7223091758991722,1.0
cg05922429,0.15996081384443653,1.0
cg01647729,-0.07411701990367399,1.0
cg01917340,0.11540095163307072,1.0
cg26075408,0.21003928595072313,1.0
cg11464806,0.07863079326520593,1.0
cg00533390,0.6049534315847062,1.0
cg01693650,0.5232820561552535,1.0
cg04775890,-0.004737077678890888,1.0
cg16259931,0.23892060877521207,1.0
cg27384355,-0.6101060416313134,1.0
cg08322244,0.7602142507612144,1.0
cg27662639,-0.03735164796872628,1.0
cg18586851,0.007623357544724065,1.0
cg24335310,-0.2991906176844046,1.0
cg20063640,0.4357846087738748,1.0
cg17486066,0.06093426637869194,1.0
cg14614689,0.1876255410917855,1.0
cg05762612,0.2170409266815818,1.0
cg04400145,-0.0384219985809089,1.0
cg05512735,0.0564119757180341,1.0
cg11994229,-0.03107020536834609,1.0
cg06769116,0.1088866168826447,1.0
cg16909962,0.4217084710465705,1.0
cg18009321,-0.19875965873367965,1.0
cg12373771,2.131154007698527,1.0
cg26039141,-0.0209554494820348,1.0
cg08565632,0.17623536234169226,1.0
cg03553786,2.2176698370296726,1.0
cg25800166,-0.44254702467384355,1.0
cg11214532,-0.5458002520497464,1.0
cg00804078,-2.3139604718278264,1.0
cg01534416,0.7313183800135525,1.0
cg07677157,-0.9822960112115461,1.0
cg22033061,-0.14499990034161925,1.0
cg15201635,0.10296780712248343,1.0
cg05883128,-0.004475489807801754,1.0
cg24137448,0.16600551647299164,1.0
cg05333844,0.09441729934282411,1.0
cg10150962,-0.06592816180456616,1.0
cg15157974,-0.211535344940698,1.0
cg07788865,-0.8769969667923858,1.0
cg07112604,-0.026284224978003146,1.0
cg13612447,0.7412815472677988,1.0
cg11846559,0.9961521607540267,1.0
cg10835286,-1.1149802759307943,1.0
cg03148858,-0.8606735449560858,1.0
cg21956434,1.3017089968425537,1.0
cg17534540,-1.7271347755594075,1.0
cg24427724,-1.0166274749013826,1.0
cg16002963,0.02106730010484464,1.0
cg14431361,-0.10288347201171544,1.0
cg13261106,0.046919762173686465,1.0
cg21383341,-0.3217049938689156,1.0
cg17740743,0.15347778076977028,1.0
cg11615607,0.6667194111778013,1.0
cg24507955,-1.3241760280377088,1.0
cg15420468,0.16000037321928243,1.0
cg22483742,0.4805422963880738,1.0
cg05229035,-0.650125861084183,1.0
cg14674720,0.884942940116172,1.0
cg04185542,-0.3691818262966803,1.0
cg16375358,0.09488620252622075,1.0
cg15212295,0.07134225679433906,1.0
cg10789314,-0.70262500882202,1.0
cg13543854,0.1545085937994517,1.0
cg23908638,-0.7699323175491781,1.0
cg16143325,-0.168620883532484,1.0
cg21328810,0.20544610938061217,1.0
cg04433322,-0.8137442438156496,1.0
cg14064148,0.07746550484150318,1.0
cg01714553,0.3199807434652575,1.0
cg15839913,-0.31036271558323614,1.0
cg08829024,-0.13484616076648023,1.0
cg19908207,-0.004415938560386103,1.0
cg11724393,-0.23545236317339807,1.0
cg22891707,-0.058604492415722985,1.0
cg11943883,0.10877777667061934,1.0
cg03466930,-0.7787975293176368,1.0
cg00748589,0.3520371564973019,1.0
cg07873590,0.20226152082857274,1.0
cg09795081,-0.39958953136832087,1.0
cg03036557,3.339088154242961,1.0
cg00252781,1.3397304763657953,1.0
cg02903907,0.3931496981111377,1.0
cg02893780,0.35089129818210313,1.0
cg23027580,0.9091588392660314,1.0
cg05917988,1.964562676102023,1.0
cg03526142,1.1424116774996422,1.0
cg24931856,-0.38018259742448574,1.0
cg01906801,-0.11601083679802209,1.0
cg06597431,-0.9298865447111803,1.0
cg00073090,-1.5283930448335261,1.0
cg04607131,-0.3337858110717889,1.0
cg06212670,0.09224776493263023,1.0
cg12691739,0.19287885502902807,1.0
cg06639320,2.232025484066425,1.0
cg07177395,-0.7294913057785706,1.0
cg19293468,0.12065968264964665,1.0
cg07464408,0.5107525494851197,1.0
cg13096351,-0.05389253268487863,1.0
cg25050565,-0.14127805429623208,1.0
cg02128483,0.18107571652871587,1.0
cg00085493,-0.07787932187254963,1.0
cg01443318,-0.16411700136232882,1.0
cg08898569,-0.14704047388816469,1.0
cg14633456,0.9213980899615106,1.0
cg14193097,-0.19864034460953245,1.0
cg00593900,0.02197251931618127,1.0
cg20234855,0.2418999876828677,1.0
cg14384960,0.3998460202544306,1.0
cg20761322,0.6833647175614792,1.0
cg18603577,-0.8751452730535437,1.0
cg15103195,0.8138999411028084,1.0
cg08770761,0.6137843867899864,1.0
cg14894367,0.023448654244827137,1.0
cg10477073,1.0143351827704026,1.0
cg04880546,4.346839701272896,1.0
cg08371223,-0.06420848536003372,1.0
cg03350900,0.851939284509801,1.0
cg26830108,1.2229957200692547,1.0
cg05228359,-0.5391420984567145,1.0
cg03286735,-0.12438651861258561,1.0
cg04094193,2.195507631694875,1.0
cg23527366,-0.1677729606808086,1.0
cg10947146,1.1213183943650809,1.0
cg20435267,0.07144330143574974,1.0
cg10625705,0.8900840965934602,1.0
cg16767867,-0.5578287364865001,1.0
cg24528602,0.39193522032821093,1.0
cg09226692,0.6946909094982969,1.0
cg14845609,-0.057796795474968556,1.0
cg20183519,0.11533812548465655,1.0
cg15393490,-1.682338372353367,1.0
cg06084073,-0.4159901251228227,1.0
cg06073351,0.023962969739964007,1.0
cg26140475,-0.7660450938400221,1.0
cg00864012,0.07891945609791005,1.0
cg09650907,-0.966481147975897,1.0
cg10925640,-0.2946588441203956,1.0
cg18098004,-0.15804666060569847,1.0
cg21727223,-0.8920534667505773,1.0
cg16471362,0.05851514535436895,1.0
cg17117277,0.22919305492381756,1.0
cg03341233,-0.0605302620933959,1.0
cg12084990,0.037303560358293054,1.0
cg04241863,1.2566769074254338,1.0
cg17855279,0.07114887266621218,1.0
cg24678732,-0.3904461624961748,1.0
cg05776138,-0.16661251982212033,1.0
cg15784997,0.13297573263450185,1.0
cg03892103,0.3566071524784263,1.0
cg19551055,0.337251327758312,1.0
cg06580318,0.33540455659939905,1.0
cg23807646,-0.05241216236966239,1.0
cg11724135,-0.18486876485734138,1.0
cg24089171,0.7313188355316229,1.0
cg05555455,0.6057144194819322,1.0
cg04193901,-0.6690513907879778,1.0
cg27380904,0.9294841853390738,1.0
cg20940044,0.4350139921122194,1.0
cg23712401,-0.5049801553982719,1.0
cg01646718,-0.19992791157799453,1.0
cg01916058,-0.46505332428643437,1.0
cg03721195,-0.25613321604965045,1.0
cg07773186,-1.0247754184541638,1.0
cg05012356,-0.05984267528010311,1.0
cg17360338,-0.02955229643910953,1.0
cg25971823,-0.3759299223331286,1.0
cg19586576,0.2852682124804414,1.0
cg24803059,0.3744874840229527,1.0
cg19926144,-0.5761560370905405,1.0
cg06939447,0.3903508409752938,1.0
cg19343530,0.7359007355309571,1.0
cg17321954,0.4262423752054542,1.0
cg21623865,1.15599529377566,1.0
cg01484686,-0.08792068984868436,1.0
cg23156348,1.5680013639598551,1.0
cg24496614,0.16893930629997864,1.0
cg15995695,0.5557167620705246,1.0
cg20140940,-0.4221044342210601,1.0
cg04423188,-0.8094732971271418,1.0
cg19946376,0.008202935100453038,1.0
cg04913803,-0.0645057396101067,1.0
cg02318971,0.0552059781152472,1.0
cg22036538,0.4493828039390805,1.0
cg16776065,0.5271631341424057,1.0
cg12955127,-0.8476376847657621,1.0
cg02298401,-0.23062042975695904,1.0
cg07687131,-1.650394234972356,1.0
cg19060970,0.7902341543240061,1.0
cg26878836,-0.054574144984278906,1.0
cg24935217,-0.01651983484778642,1.0
cg00906908,-0.16166894622297046,1.0
cg06698399,0.42102961197917854,1.0
cg00743094,0.3051481210222969,1.0
cg12369869,-0.03831081760105223,1.0
cg13971025,0.21436920994513103,1.0
cg20439624,-0.34701215291688087,1.0
cg19517476,0.3042133204699386,1.0
cg05640731,-0.04452379882407385,1.0
cg09864325,-0.22766396479262668,1.0
cg23457268,0.15052177813218515,1.0
cg15913157,-1.2266726590825368,1.0
cg26162295,-0.06130380619589161,1.0
cg07078958,-1.7603647047166346,1.0
cg14911690,0.7605620799708073,1.0
cg06637032,0.07228676609182248,1.0
cg10531355,-0.22656590375664723,1.0
cg02587120,-0.48792159229388854,1.0
cg24888989,1.0830593997401912,1.0
cg19466875,-0.2702196299358036,1.0
cg12186839,0.7774508049380373,1.0
cg08177015,-0.4439183405053909,1.0
cg00718470,0.6825542643225989,1.0
cg11848113,-0.06662623092683483,1.0
cg27180671,-0.8624523348706588,1.0
cg17557340,0.019292145673212267,1.0
cg15460921,-0.42272217420834396,1.0
cg25634000,-0.3201527508724776,1.0
cg16868095,-0.6690779818676474,1.0
cg09228402,-0.8644600909659904,1.0
cg11342615,-0.08142737416438443,1.0
cg17022393,-0.007828289934398313,1.0
cg22833603,-0.269258553647825,1.0
cg07260003,-0.1856294758563709,2.0
cg14483988,-0.6362034920714797,2.0
cg24194698,-0.41069322386506246,2.0
cg11435167,0.4279851261054058,2.0
cg24513522,-0.2918981777418838,2.0
cg27641344,-0.1952854660321127,2.0
cg18728264,1.5568345281931173,2.0
cg05522415,0.037775869369489734,2.0
cg15259233,-0.18735567687364404,2.0
cg09974304,0.06955412915243665,2.0
cg24223075,0.011426677801714122,2.0
cg00330825,-0.6209728742649835,2.0
cg05902130,-0.7187654348336082,2.0
cg26280179,1.1368514304437265,2.0
cg27154237,0.12933137998346178,2.0
cg21355793,0.12497953051515165,2.0
cg27312530,-0.11539572107077288,2.0
cg01430430,-0.39109197714526606,2.0
cg04211018,0.10822003278641625,2.0
cg07798602,-0.08564847209677086,2.0
cg13845105,-0.07277980870151592,2.0
cg00405078,-0.03671483743455354,2.0
cg03661324,0.7143653718011299,2.0
cg15115984,0.05866800199981232,2.0
cg13417891,-0.8061171792063958,2.0
cg19222784,-0.5375183942268729,2.0
cg21911851,0.5542602793585842,2.0
cg21199854,0.05070018851496048,2.0
cg13737493,-0.6058574000267998,2.0
cg14959707,-0.11589839365872678,2.0
cg22998959,-0.07860575068388002,2.0
cg05764238,-0.2229672565451784,2.0
cg13033070,0.2854993201593132,2.0
cg09058554,-0.2798956255235622,2.0
cg14013080,-0.649769700475099,2.0
cg22964621,0.41627818366309755,2.0
cg23412777,0.031471571331892184,2.0
cg11864326,0.16144410568830303,2.0
cg00910203,-0.06544491217138183,2.0
cg19480385,-0.05213910220752222,2.0
cg01810111,0.7150043910113771,2.0
cg10529845,-0.9323449925210463,2.0
cg18355562,0.11850728088597613,2.0
cg14148088,0.21871266196901165,2.0
cg02624067,0.29292174035619895,2.0
cg12644845,2.4336890887903726,2.0
cg06191348,-0.21398531135008492,2.0
cg05364179,0.4066625962961417,2.0
cg17291767,0.774240934251067,2.0
cg01670876,-1.3620738780038781,2.0
cg04738827,0.7938618880354151,2.0
cg00092711,-0.20186678381765225,2.0
cg04658615,0.4717950170584597,2.0
cg25805482,0.011000294504091459,2.0
cg12850242,0.1409679992470843,2.0
cg04729655,-0.07169516183422149,2.0
cg13112524,-0.0045662297418155974,2.0
cg26809043,-0.5165253150677493,2.0
cg14308466,-0.014575242286194303,2.0
cg03888064,0.004527432567817271,2.0
cg06621425,0.4487742661741235,2.0
cg24592892,-0.39452456706512135,2.0
cg07914282,0.21793229552390547,2.0
cg27523527,0.4724427329315233,2.0
cg21994822,-0.24442539024375498,2.0
cg06663251,-0.18129924397404198,2.0
cg24910161,-0.20419095499744275,2.0
cg00933859,0.33060257147202227,2.0
cg00864458,0.12856868693990645,2.0
cg12145564,-0.19443148908099916,2.0
cg21188409,-0.13486348728624992,2.0
cg08031689,-1.1638030165513735,2.0
cg22199118,1.059644485538633,2.0
cg09072576,-0.5009879423972076,2.0
cg00333800,0.48152568483131447,2.0
cg02895699,0.9796417976211633,2.0
cg09484214,0.1783625777552109,2.0
cg16456980,-0.15395970016922192,2.0
cg16848937,1.071511472635158,2.0
cg01835580,-0.6864120931547588,2.0
cg09746992,-0.6319447428189648,2.0
cg03900492,0.057331321499060936,2.0
cg16946687,-0.002708521755140001,2.0
cg27196999,1.2844281615982862,2.0
cg01233722,0.14692875218043605,2.0
cg22965752,1.013345289140987,2.0
cg08418115,-0.019022745684009947,2.0
cg13472359,0.2481071244690079,2.0
cg12628075,0.014026497666889263,2.0
cg17554182,-0.2922485210953558,2.0
cg01200264,0.7887367724936984,2.0
cg15858166,0.5450084072351951,2.0
cg01292722,-0.3883231571473292,2.0
cg09124230,-0.4517467837858691,2.0
cg07129978,-0.8462490746674867,2.0
cg07222575,0.2974139051592686,2.0
cg06587521,-0.1550739610459967,2.0
cg00975971,-0.611001699035053,2.0
cg21572722,1.5290242595273806,2.0
cg26135441,-0.13312788477135762,2.0
cg25602692,0.28129731169899813,2.0
cg00409844,0.009579089464961154,2.0
cg04801430,1.3005702578162825,2.0
cg21603275,-0.0157623494119593,2.0
cg12599569,-0.3145410730761006,2.0
cg26141291,-0.09048681271311229,2.0
cg13428477,0.11820341320444022,2.0
cg09222577,0.2917984533405977,2.0
cg24936781,-1.24654724195692,2.0
cg13454524,0.2934898274246098,2.0
cg18234606,-0.20563868197668198,2.0
cg18784113,-0.24619443163766364,2.0
cg10021411,-0.6977541795392078,2.0
cg03406993,0.045885386965365475,2.0
cg20312457,1.0235212426344358,2.0
cg12217291,-0.16568284205114844,2.0
cg25331880,-0.4654433322189781,2.0
cg26518431,0.5019943692661806,2.0
cg09813986,-0.34912621255381293,2.0
cg25408620,-0.6274225781189848,2.0
cg03728799,-0.23046973241919583,2.0
cg00436603,-0.2618395822794858,2.0
cg22307471,-0.2878236772269633,2.0
cg17137307,-0.27308266739660475,2.0
cg01149239,-0.2638120443518698,2.0
cg02248729,-0.5385081642146032,2.0
cg21195376,-0.045270532274948296,2.0
cg26591162,-0.4270998190913625,2.0
cg02605776,-0.11098380466449556,2.0
cg13887029,-0.20309798082966654,2.0
cg00564212,-0.39440081309504194,2.0
cg26158710,0.570402922984979,2.0
cg11324953,0.13762678342336884,2.0
cg23090603,-0.10760108987912348,2.0
cg16580935,0.4735936360012811,2.0
cg20915763,-0.7902091357282888,2.0
cg02049979,-0.6295761099613669,2.0
cg22548551,0.17649554749499854,2.0
cg06417426,-0.10296723274406173,2.0
cg06968741,-1.5810707048141839,2.0
cg01792749,0.1976445005282019,2.0
cg07589899,2.275023691917466,2.0
cg00175153,0.031567415306576405,2.0
cg27586243,-0.5403024503236682,2.0
cg02498072,0.018368134136468584,2.0
cg15393903,-0.4245687534828115,2.0
cg21655931,-0.31656798519628304,2.0
cg02766207,0.2251160242843067,2.0
cg17114584,-0.04154727200563449,2.0
cg09340403,0.6356658421334571,2.0
cg24406771,0.31513115512351747,2.0
cg14950301,0.11786239359307346,2.0
cg12550600,2.191033492751459,2.0
cg04612732,0.05706464678653942,2.0
cg14144038,0.07152015171154552,2.0
cg18612044,-0.25469390713426965,2.0
cg17419299,-0.14341216342877308,2.0
cg01000937,-0.6609100284776367,2.0
cg22454769,1.7691001518868543,2.0
cg14392725,0.0758674856478195,2.0
cg04117455,-0.06248255905651578,2.0
cg06313507,-0.2931794252603926,2.0
cg13484553,1.7990775704156798,2.0
cg18725599,-0.5581410299410502,2.0
cg06568490,-1.5339107553488645,2.0
cg15422307,-0.2968846081420432,2.0
cg03666203,-0.4837566489233988,2.0
cg08590987,0.12136451006704058,2.0
cg09457527,0.2077228911854353,2.0
cg04843461,-0.07269448952239109,2.0
cg18066946,0.044921433211566185,2.0
cg25219333,0.07188659025666654,2.0
cg26178251,-0.29500921174006334,2.0
cg00002080,-0.7816015237138942,2.0
cg24748631,0.2661831712518176,2.0
cg06139239,0.18466903507062732,2.0
cg06202426,0.3517919927344275,2.0
cg02459389,-0.14049849782072316,2.0
cg06754987,-0.42921969288817297,2.0
cg05940240,-1.3561038470907987,2.0
cg06648759,0.9870251325514535,2.0
cg12681784,-0.4829336208129607,2.0
cg05242523,-0.3397524269963993,2.0
cg01721450,0.12405362691309683,2.0
cg24729839,-0.12137590298521952,2.0
cg13166781,0.24664617694797755,2.0
cg16235809,-0.15489001048072362,2.0
cg20382028,-0.18955599514290306,2.0
cg04212239,0.3044718401396628,2.0
cg05101846,0.14490435362720605,2.0
cg00213745,0.31221204062268093,2.0
cg25410668,1.3692633651250097,2.0
cg12076692,-0.570273358138128,2.0
cg09010067,0.823422887503939,2.0
cg05960039,-0.12698443552888083,2.0
cg17295235,0.2665670791696618,2.0
cg01439248,-0.4834176205436955,2.0
cg11818376,-0.0664731518220195,2.0
cg20484322,0.24782615600611713,2.0
cg08957733,-0.33886481460534795,2.0
cg00853853,1.8832807498118806,2.0
cg04617914,-0.8447142420087945,2.0
cg20798164,-0.6867320293359666,2.0
cg11956467,-0.5999191413358469,2.0
cg00818822,-0.1480987019973812,2.0
cg15725046,-0.01980840544121605,2.0
cg02858808,-1.0021964981983555,2.0
cg11734841,-0.18613793018692099,2.0
cg07685601,-0.5855506964080505,2.0
cg00170714,-0.2527832161608859,2.0
cg23998119,0.07994518724082995,2.0
cg00241281,-0.4181078726335853,2.0
cg11188440,0.36022261285047436,2.0
cg24904278,0.10523651359955087,2.0
cg23092086,-0.09089395704708937,2.0
cg14375747,-0.22522434458163507,2.0
cg26000536,-0.14894592945926613,2.0
cg00585698,-0.2776906395555243,2.0
cg23914149,-0.050667700799836006,2.0
cg01153946,0.21114453113218995,2.0
cg06602545,-1.0818893113300787,2.0
cg13166748,-0.1379799566933592,2.0
cg19673418,-0.2250434960782881,2.0
cg10374202,0.368323780287842,2.0
cg13735018,0.47182681951725225,2.0
cg11177223,-0.6486210352106768,2.0
cg10252600,0.5175479788135467,2.0
cg20385229,0.40474435960619254,2.0
cg06359056,-0.7511610847582095,2.0
cg17333791,-1.0843252461414052,2.0
cg08523456,-1.1653753404339506,2.0
cg11439826,-0.8421854432961772,2.0
cg17303119,-0.7185603007800783,2.0
cg03702686,0.13336536845522864,2.0
cg05968822,-0.1170578208185686,2.0
cg18845578,-0.22004829724680852,2.0
cg23674189,0.16621471320004352,2.0
cg04885315,-0.23001435759553546,2.0
cg23239690,-0.013900257444593271,2.0
cg13842648,-0.12476784534140332,2.0
cg15965383,-0.1825609010174787,2.0
cg19576099,0.004056636597804175,2.0
cg08882099,-0.42832255499920463,2.0
cg26312935,-0.4926594519259374,2.0
cg00908408,-0.5410163132724638,2.0
cg16565562,-0.435501442547558,2.0
cg12403132,1.4455566448991275,2.0
cg08205396,-0.11104549510384615,2.0
cg21236182,0.09973548344995048,2.0
cg02687288,-0.4171073194671792,2.0
cg09205190,0.29826708504674954,2.0
cg05638500,-2.21882439642655,2.0
cg11149849,0.19780047250608718,2.0
cg07992385,-1.0957489918370311,2.0
cg24204847,-0.3139102037576842,2.0
cg06041188,-0.4720926135773389,2.0
cg23854009,0.011595525008885098,2.0
cg05944173,-0.37270109101406274,2.0
cg09949789,-0.264357184147391,2.0
cg03077712,0.14003589276322007,2.0
cg14864276,-0.3844514458730502,2.0
cg00160262,0.5703230619115771,2.0
cg14763104,-0.7018450825042515,2.0
cg02987387,-1.1531955203748918,2.0
cg21467631,0.5344628608929065,2.0
cg15593510,-0.19887300639801533,2.0
cg18424233,0.9026474818013908,2.0
cg17519955,0.02375428630371787,2.0
cg08827700,-0.1942526729462684,2.0
cg01807825,0.9071716619481944,2.0
cg16291589,-0.783476578529559,2.0
cg02832697,-0.1959872369417495,2.0
cg01844642,0.9348726740691906,2.0
cg21442182,0.3477865804388692,2.0
cg07303143,1.9311763676480347,2.0
cg05901613,0.057992738577493944,2.0
cg09240515,0.05167238696501671,2.0
cg20898773,0.30117978415059204,2.0
cg01939535,0.6291476972931493,2.0
cg05207107,0.23189424268527348,2.0
cg10729426,0.880609766849969,2.0
cg21723689,0.2159241882822119,2.0
cg13434312,0.26501283462098957,2.0
cg05262369,-0.1972199815659222,2.0
cg18254586,-0.7313448471031382,2.0
cg01764161,-0.8686459229139114,2.0
cg26698693,-0.16313006462312604,2.0
cg03433785,-0.05617758843452291,2.0
cg23995914,1.6396152911556325,2.0
cg02265758,0.7907377982190942,2.0
cg26244013,-0.5874470813367685,2.0
cg23275972,0.5247212965889263,2.0
cg13558568,0.0013806912333308916,2.0
cg16173109,1.2661955950203867,2.0
cg21002399,0.1982652056062679,2.0
cg00985983,-0.30093777539770517,2.0
cg08143197,0.0709626915945862,2.0
cg27082921,-1.3619285685854128,2.0
cg14956327,-0.00014890038408135585,2.0
cg23437420,-0.38617256174216313,2.0
cg26724841,0.6174519243857821,2.0
cg25678587,-0.6090973409620568,2.0
cg24170085,-0.029890794626324286,2.0
cg05604800,0.08086200763224514,2.0
cg09821218,-0.09448451753836251,2.0
cg25478614,0.21339704672558424,2.0
cg02901606,-0.4693143675875744,2.0
cg25319233,-0.3500249688512394,2.0
cg24136314,-0.21439661564562257,2.0
cg16033151,-0.11284830438659724,2.0
cg18662080,-0.15253367797501194,2.0
cg14639904,-0.4472290080501349,2.0
cg05501969,-0.08408012864577896,2.0
cg01142735,0.0740000678218596,2.0
cg26230851,-0.7253088438235086,2.0
cg07028415,-0.5856447573505918,2.0
cg13526766,0.020503916416862115,2.0
cg07048623,2.325356905608892,2.0
cg26318502,0.2523903892769606,2.0
cg05205932,0.8007482567916028,2.0
cg22657632,-0.25027803632086854,2.0
cg16839815,0.4747670274100772,2.0
cg04717595,-0.06974970224348112,2.0
cg00590251,0.4430601161192135,2.0
cg16448702,-0.350355530185278,2.0
cg15077792,0.47144748133072584,2.0
cg08472142,0.09938358608340818,2.0
cg20674174,0.7163360494664699,2.0
cg26044621,-0.10343152261489792,2.0
cg08739115,-1.0380031969974874,2.0
cg22538712,-0.6186075062974165,2.0
cg25712567,0.03666355325465952,2.0
cg23992209,0.2100403170116612,2.0
cg14756040,0.3605660563081347,2.0
cg10574861,-0.3684490582561457,2.0
cg20167471,0.12746184923790863,2.0
cg21107044,-0.8155232448437962,2.0
cg14487188,0.0388978114228149,2.0
cg26400491,0.6135155605709371,2.0
cg22654656,-0.5284338800817383,2.0
cg14021321,0.1373939838049148,2.0
cg06413398,-0.3437953247616146,2.0
cg04459091,-0.29499008188471215,2.0
cg17319889,-1.0359357164718699,2.0
cg11205610,-0.45330970135989423,2.0
cg09588492,-0.49505308674291304,2.0
cg11601932,1.0539994481791617,2.0
cg27224971,0.31812276484979496,2.0
cg07966572,0.770141549710852,2.0
cg16794682,-0.15849143990265566,2.0
cg19760917,-0.26111094415721137,2.0
cg07787771,-0.1246364172473826,2.0
cg27245646,-0.4040897825175914,2.0
cg16418734,-0.27899753283690065,2.0
cg10631356,-0.11761328232585563,2.0
cg08873568,0.041107065177380754,2.0
cg20998200,-1.1671351177134635,2.0
cg15288779,1.0679037657567667,2.0
cg11464885,-0.4121091551142312,2.0
cg04682969,-0.15072370190871653,2.0
cg03114595,-1.9418181166673987,2.0
cg01287833,-0.965940288787865,2.0
cg14818413,0.5027594114645133,2.0
cg19026621,-0.5206349107079172,2.0
cg25572459,-0.2230810484217958,2.0
cg04623131,-0.07168392444307704,2.0
cg05764422,-1.3958360265458483,2.0
cg00518190,0.36431030788842955,2.0
cg17839399,-0.5867657089263778,2.0
cg14191040,0.27590990274371824,2.0
cg18553840,-0.16142368876427382,2.0
cg11592677,-0.3927591575965136,2.0
cg12160087,-0.4336816855566243,2.0
cg01771213,-0.3005097904624931,2.0
cg13043300,-0.2764677313023233,2.0
cg22228613,0.486983957026292,2.0
cg05351173,0.3661194079336842,2.0
cg18829521,-0.40883848231911296,2.0
cg16680873,-0.17127595890456093,2.0
cg11594887,-1.2051218206306693,2.0
cg17940858,-0.23123085411817065,2.0
cg07841232,-0.7096569899254754,2.0
cg24436022,-0.21915582496070313,2.0
cg09169682,1.0087568308063788,2.0
cg26266274,0.06115964055394157,2.0
cg02903756,0.06489494014308612,2.0
cg17425351,1.1687616910985452,2.0
cg05404847,-0.5556664683482418,2.0
cg07252363,0.5842327937636513,2.0
cg03250779,-0.3935896782977425,2.0
cg19656820,-0.2792185487031374,2.0
cg21037784,-0.5050155544873759,2.0
cg00621084,0.24822043279178863,2.0
cg01109333,0.7123459752311952,2.0
cg07846400,0.11423246412711253,2.0
cg07394898,-0.04462244466095903,2.0
cg12528981,-1.2913651347104853,2.0
cg03507326,1.9938969160516409,2.0
cg02464551,0.47335990327100314,2.0
cg14415079,-0.3525139100624946,2.0
cg14184729,0.08880448432882036,2.0
cg06223018,-0.7468138156283258,2.0
cg04467832,0.3299457353247937,2.0
cg24874998,0.008014609308964563,2.0
cg03978192,-0.018352446944297218,2.0
cg07069844,-0.22742270985678975,2.0
cg11230435,-0.10376464894108406,2.0
cg01250212,0.9669624980026041,2.0
cg16886882,0.3048362768653276,2.0
cg22288316,-0.15504191427896039,2.0
cg21703988,0.09304142927607527,2.0
cg08515646,0.15318476929727784,2.0
cg02611812,-0.9270721749067459,2.0
cg16027378,-0.3842608163922154,2.0
cg12002745,-0.472092658179479,2.0
cg03705784,0.8076342361483331,2.0
cg26894278,0.31580615464533257,2.0
cg02929780,-0.2835896404913071,2.0
cg02319990,0.456852130775358,2.0
cg04983821,-0.31541985047806137,2.0
cg18440069,-0.24641859107526376,2.0
cg25248445,-0.28170343324791175,2.0
cg03465682,-0.248845466116081,2.0
cg23974739,-0.6267522281600427,2.0
cg24335751,0.8695537490099643,2.0
cg08872313,-0.3718993019151079,2.0
cg19526425,-0.07092066752533503,2.0
cg09321307,-0.08928324764093874,2.0
cg25128453,-0.9009562389117219,2.0
cg21055462,-0.6159430014038488,2.0
cg01910125,0.7169087102880757,2.0
cg08498836,-1.7805798097734706,2.0
cg13699808,0.011313634773363637,2.0
cg15120848,-0.26682235545161753,2.0
cg18343480,-0.008219552762509227,2.0
cg08509427,-0.6220504037562293,2.0
cg01499591,-0.6398835353112841,2.0
cg00873517,-0.23911070126127884,2.0
cg17562584,-0.051996565878154745,2.0
cg04685442,-0.009175465963462547,2.0
cg14429457,0.28998473645287676,2.0
cg09630142,-1.207624935502133,2.0
cg01518790,-0.16626863819890553,2.0
cg18318941,-0.5775905640249871,2.0
cg21805880,-0.10832623586211765,2.0
cg04514469,-1.3577033552636366,2.0
cg18711369,-0.2662852999825623,2.0
cg11071401,1.2633132734001289,2.0
cg05690394,-0.256584789014873,2.0
cg02220965,0.6193741185076668,2.0
cg17069541,0.5052561032140496,2.0
cg01767885,0.13577395639998913,2.0
cg08026930,1.9769491408528685,2.0
cg17540575,0.4156333522558936,2.0
cg08985669,-0.23376803601481308,2.0
cg09571376,-1.3058137303162087,2.0
cg13599835,-0.14492465165247342,2.0
cg19103398,-0.235767496439332,2.0
cg06344571,-0.20647652728457488,2.0
cg20701183,-0.39801515589668557,2.0
cg07352127,-0.09776476679021158,2.0
cg13580834,-0.4641952944568576,2.0
cg20497968,0.4737385639953934,2.0
cg14808040,1.1778199844758035,2.0
cg09233658,-0.701804079723889,2.0
cg19028462,0.4588717486972006,2.0
cg24757755,-0.15535587344909677,2.0
cg03140557,0.3344832463521589,2.0
cg20371046,1.6464153815638172,2.0
cg04636557,-0.04528180462873153,2.0
cg20542619,-0.20106276379745058,2.0
cg25862117,-0.14899734434120382,2.0
cg05035315,1.1783736566021796,2.0
cg08024169,0.6544415606970362,2.0
cg07164639,-0.8119526065525996,2.0
cg26248091,-0.6898948512278462,2.0
cg04177015,-0.41140199242504105,2.0
cg03850711,0.07528844604179583,2.0
cg03283235,0.023495945109565007,2.0
cg19846154,-0.8220727046396772,2.0
cg08920252,-0.09029378587104624,2.0
cg10206380,-0.44381930931467806,2.0
cg02800571,-0.1181881212417397,2.0
cg02193283,0.168145168372594,2.0
cg00462362,-0.45268623469579355,2.0
cg07477924,0.6421706348698063,2.0
cg06501716,0.2798723774817294,2.0
cg06539449,-0.9953011083788181,2.0
cg01154527,0.6269020339388613,2.0
cg08903069,0.10850003398977663,2.0
cg26071551,0.10864535345323593,2.0
cg02810692,-0.33048785186842117,2.0
cg17352276,0.739190006460603,2.0
cg17319788,0.24749077843359119,2.0
cg26849884,0.5863653696787249,2.0
cg10716760,0.26604610336850226,2.0
cg11335119,0.9243579899665874,2.0
cg03140135,-0.04221291781290054,2.0
cg10021614,0.09629494138666747,2.0
cg23606718,0.11300969251649139,2.0
cg21229079,-0.3354091654666271,2.0
cg14755066,1.1524134009420541,2.0
cg10071550,1.2948754771960294,2.0
cg26283240,0.6067168539716782,2.0
cg26853787,-0.32059615676499686,2.0
cg24911545,-0.06359850108629417,2.0
cg13645908,0.024960333343263363,2.0
cg09124496,-0.9674664396235493,2.0
cg07198258,-0.5888636760632169,2.0
cg14890224,-0.16781012212007046,2.0
cg10192641,-0.08788059994181419,2.0
cg22591875,0.1811220782538211,2.0
cg17522727,-0.3265525746921435,2.0
cg07467765,0.4663689742837907,2.0
cg24418063,-0.23510100452390087,2.0
cg27635976,0.5495242139027273,2.0
cg11186282,-0.061122988897768286,2.0
cg13954292,-0.27237537603620815,2.0
cg20308540,0.19580118540406863,2.0
cg06185789,-0.547414615014513,2.0
cg04065767,0.49628262579339194,2.0
cg08472222,0.5895137505890841,2.0
cg15735954,-1.057431295926691,2.0
cg11305134,-0.9317927077124831,2.0
cg05061107,-0.5434021854371739,2.0
cg20456620,-0.4962245916377806,2.0
cg11904435,-0.09092527204443275,2.0
cg02561802,-0.5594027184203989,2.0
cg04705318,0.047187432530104344,2.0
cg10251973,-0.5463056147985792,2.0
cg04023742,0.18598580148998586,2.0
cg00218404,0.0474546506702267,2.0
cg25445931,-0.2974041122263417,2.0
cg23240477,-0.04792080463835162,2.0
cg08746496,-0.18579763161712476,2.0
cg00707814,0.632120674998096,2.0
cg05525368,1.2367159021071494,2.0
cg27503117,0.3750546879696066,2.0
cg25845867,-0.28986501974778445,2.0
cg02162453,-0.3828536709928661,2.0
cg06332269,-0.07378507023381693,2.0
cg02516456,0.24670189629444328,2.0
cg21457856,0.28673058921258576,2.0
cg26656884,-0.4746501122436354,2.0
cg12121535,-1.1096523692678686,2.0
cg07415388,-0.2724064502811235,2.0
cg27518993,0.28775532194857883,2.0
cg21092388,0.5644896639332282,2.0
cg02922817,1.126269755862532,2.0
cg23123731,1.1152009250334527,2.0
cg17508941,1.3624654935287908,2.0
cg08975559,-0.15936735975627284,2.0
cg03702677,0.08740172529121197,2.0
cg09251600,0.9165763301285229,2.0
cg05632229,-0.20315912383812662,2.0
cg06955716,0.70917612619839,2.0
cg05632420,-2.0353365890885113,2.0
cg05099186,-0.999316029699779,2.0
cg03781727,0.319168075698848,2.0
cg03660034,-1.4517235351616373,2.0
cg13818276,-0.40660268482715234,2.0
cg13583523,-0.9624728111932916,2.0
cg15726514,-0.1612275189487241,2.0
cg15036326,0.17842123983141403,2.0
cg26887212,0.019735745643360638,2.0
cg12906975,-1.1113908917575346,2.0
cg03209384,0.009294531179156119,2.0
cg10204725,0.4252145490011987,2.0
cg00086493,0.558905127055051,2.0
cg23250700,-1.1463756801698302,2.0
cg18360873,0.06431391739921541,2.0
cg13547132,0.7432777383533055,2.0
cg19462635,-0.3518645135264431,2.0
cg15488596,1.4051917034740726,2.0
cg12596520,-0.305415492979404,2.0
cg16707262,-0.17829854160873654,2.0
cg00037763,-0.2558473937670378,2.0
cg25574691,-0.13542795604854876,2.0
cg19932080,0.001275256591105377,2.0
cg22622425,-0.49496473642673033,2.0
cg15507449,0.19509525980527168,2.0
cg24723883,0.07268011739800742,2.0
cg07344086,0.24359445484384126,2.0
cg01887388,0.15369809522454278,2.0
cg13520736,0.5984785198537818,2.0
cg25019378,-0.10426873619130542,2.0
cg17380091,-0.1539296147622208,2.0
cg22331349,0.5988847893491009,2.0
cg06937459,-0.07080085141220302,2.0
cg09665332,0.11976968410300026,2.0
cg19864002,-0.1176079444171747,2.0
cg00950706,-0.5144492312203843,2.0
cg01975510,0.33180361725553703,2.0
cg16873271,-0.45238145031431826,2.0
cg01217815,0.09380576732848742,2.0
cg17120578,2.2579487782041445,2.0
cg04038163,0.18001656031272756,2.0
cg14006905,-0.010927059682592657,2.0
cg08161081,-0.2874201675572818,2.0
cg02217041,-0.4093028603065711,2.0
cg26548187,0.34540440548666046,2.0
cg06543974,-0.9777174467594476,2.0
cg20956114,0.027671200946306068,2.0
cg14676592,0.8904264100687267,2.0
cg16010911,-0.5817976598981139,2.0
cg10822545,0.5669899649788466,2.0
cg07608052,-0.23472632745677535,2.0
cg08677954,0.9383740200037006,2.0
cg09648727,-0.39611377827065875,2.0
cg12165943,0.725107724918847,2.0
cg02059082,-0.8142474939770121,2.0
cg04284956,-0.18408258011380615,2.0
cg01213231,0.11027004057367042,2.0
cg03370704,-1.2020170457081183,2.0
cg16012294,-0.5727228860834204,2.0
cg23575858,0.6989928772685504,2.0
cg16596052,0.5838363699550194,2.0
cg07593205,-0.24582108582251033,2.0
cg27531832,-0.30250491860758333,2.0
cg19317333,-0.02472890353046939,2.0
cg03467047,1.701034269030566,2.0
cg11601336,0.3226577462119551,2.0
cg05395704,-0.3385194177094062,2.0
cg04981165,0.33817376473351646,2.0
cg17243289,1.02266453783063,2.0
cg26360924,-0.2485084951876084,2.0
cg21930712,0.4325142727324971,2.0
cg16867657,6.857195445714469,2.0
cg10782139,-0.40171998301693745,2.0
cg02251393,-0.7045805273598466,2.0
cg17009679,0.41200941483538583,2.0
cg24684348,0.018241713609455493,2.0
cg23040782,0.12167296557519126,2.0
cg25392500,-0.42336884872048397,2.0
cg12315353,-0.4652446127827002,2.0
cg13880868,-1.0759400330020956,2.0
cg16767590,0.5215534279528795,2.0
cg12678507,0.2922168728063566,2.0
cg12854186,-0.07397568858451704,2.0
cg01519017,0.033047648816706215,2.0
cg05175803,-0.06521955514313538,2.0
cg05333279,-0.32181892388533523,2.0
cg18298050,-0.39381497905982027,2.0
cg24899995,-0.43160539789379126,2.0
cg23999833,-0.33258877928964,2.0
cg16041090,-0.3401086922365881,2.0
cg00770443,-0.061321133110389794,2.0
cg03664527,-0.6628820313090735,2.0
cg12763813,0.05410363505040933,2.0
cg15952487,-0.013274845498774607,2.0
cg11654118,0.47813625569580553,2.0
cg23612072,-0.8576203091048118,2.0
cg01980810,0.29232051412003496,2.0
cg01579024,0.003070549598740598,2.0
cg13892257,-0.13901399601889947,2.0
cg11724590,-0.5552123705409893,2.0
cg10142237,-0.0252504652185021,2.0
cg08730747,0.16519790272079635,2.0
cg18869840,0.32087079148983383,2.0
cg02778609,-0.19851969974235406,2.0
cg24162270,-0.18831445693335333,2.0
cg02402565,0.2267677417770885,2.0
cg14354820,0.01918667503553434,2.0
cg06707236,1.429555479819749,2.0
cg13353879,-0.9909324128087929,2.0
cg09135913,-0.4197383634357527,2.0
cg23630568,0.2962798411304486,2.0
cg03059896,-0.4239344494156001,2.0
cg20283771,0.768204768938343,2.0
cg26348995,-0.07289958011007037,2.0
cg20808227,0.5225483335631901,2.0
cg22731981,0.45932768319144945,2.0
cg23022313,-0.29530579847300764,2.0
cg06839854,0.4007532325439557,2.0
cg17402103,1.1321169755229625,2.0
cg05031801,-0.1232565162014345,2.0
cg14640865,-0.38191557563953193,2.0
cg22226398,0.07582753154935465,2.0
cg01006126,0.06238424467641701,2.0
cg03261682,-0.5066745643691606,2.0
cg12536880,-0.43355894913511783,2.0
cg10207362,0.26956466415714625,2.0
cg10501454,-1.599005363562062,2.0
cg03032497,-0.2678619413125978,2.0
cg13124080,0.29144798167830016,2.0
cg16180552,0.09954940505162252,2.0
cg27188827,0.7290884527890915,2.0
cg02320937,0.2174982049037505,2.0
cg08289177,-0.19215762364502498,2.0
cg23825231,-0.21031349855926593,2.0
cg14113931,0.669642298250342,2.0
cg08983186,0.21183735834731965,2.0
cg27542828,-0.20768980097555206,2.0
cg22736354,1.263085136383743,2.0
cg14555736,0.9147356621904827,2.0
cg02926033,0.22527133249614084,2.0
cg09309112,0.3607627502560653,2.0
cg21142398,-0.3533922203551196,2.0
cg09774649,0.4083721545710011,2.0
cg13324128,-0.011452378723147194,2.0
cg15544720,0.6410391200577692,2.0
cg00353407,-0.26570130916769613,2.0
cg14006096,0.16423803291289793,2.0
cg20953047,-0.7892173783324161,2.0
cg01199618,0.5622234765813371,2.0
cg16365064,-0.27079299947920493,2.0
cg14447810,-0.6780314273352045,2.0
cg26840462,-0.28605373775500065,2.0
cg08419606,-0.5220759122201722,2.0
cg00416243,-0.2908905399148833,2.0
cg10532980,0.6747637331605597,2.0
cg19241311,0.865464120137295,2.0
cg18878565,1.4210413994767745,2.0
cg13970540,-0.8026176142887655,2.0
cg02839875,-0.2742007244175693,2.0
cg23500537,2.261846498303863,2.0
cg10578701,-0.25716173155149225,2.0
cg26962533,0.08966885546809776,2.0
cg20000908,-0.32566218220371007,2.0
cg12077698,-0.20847779898153848,2.0
cg27648556,-0.6953287665737946,2.0
cg12983839,0.28372639212143214,2.0
cg01701837,0.3393217764619366,2.0
cg10884014,0.006864793288776861,2.0
cg02902946,0.1019609067381909,2.0
cg15734942,0.06713213491497312,2.0
cg23407151,-0.28071201124193085,2.0
cg14590214,-0.14353674716760037,2.0
cg08886880,0.13308983538618907,2.0
cg05898618,-1.191178012934782,2.0
cg01017689,-0.2028089971650948,2.0
cg11399319,0.06538168628260463,2.0
cg24752354,-0.09597649847691352,2.0
cg25427880,0.12871418683251445,2.0
cg10266681,0.23001274863974985,2.0
cg18541042,-0.45123606987379994,2.0
cg17862867,0.7222882355688399,2.0
cg01071511,-0.8923517837466073,2.0
cg26079250,0.3121652611269962,2.0
cg26805224,0.2328351200934688,2.0
cg27438128,-0.6098149701325963,2.0
cg02734600,-0.08377232307476948,2.0
cg19316405,-0.13289610725270945,2.0
cg20632978,0.29798679997893956,2.0
cg25771195,0.42489329945108933,2.0
cg03555227,0.9312601477669356,2.0
cg17058012,-0.1498986062234737,2.0
cg23452220,-0.4262824403823459,2.0
cg08513626,-0.3951403243479285,2.0
cg19166799,-0.1688849773521697,2.0
cg01527486,0.5863754257337606,2.0
cg04642105,-0.7071051752486808,2.0
cg12873707,-1.5806794214613031,2.0
cg11650704,0.1750160768182128,2.0
cg21787249,-0.7244271476797093,2.0
cg06949933,0.07244685215548866,2.0
cg24118856,0.7753414009094697,2.0
cg02528189,-0.1901895529046876,2.0
cg11881599,1.0603294383864166,2.0
cg19293162,-0.6953226443629387,2.0
cg13047306,0.1728258821753365,2.0
cg24105287,-0.07429609349952379,2.0
cg02772159,0.8539119946250608,2.0
cg08287903,0.537914045833609,2.0
cg00694180,0.1635532457687302,2.0
cg02207944,1.1181607058884264,2.0
cg15345907,-0.08929252741626179,2.0
cg05255803,0.22329318097994363,2.0
cg06567920,0.07415077928350663,2.0
cg24559261,0.4865770816185477,2.0
cg06226384,0.3667002707530614,2.0
cg01071185,-0.7752913214179826,2.0
cg18159646,0.06605235154847126,2.0
cg17240133,0.8493224042331157,2.0
cg14044216,0.6827673593904161,2.0
cg01814027,-1.7807756973659101,2.0
cg19547124,0.4591084675335827,2.0
cg03182000,-0.05073865950089407,2.0
cg21105175,0.35679591233370017,2.0
cg07606495,-0.12200943731249066,2.0
cg01702210,0.15296552751851797,2.0
cg24660635,0.5572515330261858,2.0
cg14126328,0.7663543888278067,2.0
cg12514868,0.06134073684879578,2.0
cg04101015,-2.4921475949658327,2.0
cg20327845,-0.7060964355044074,2.0
cg27541691,0.361090379529595,2.0
cg08790638,-0.025117533687395655,2.0
cg05170132,-0.2651410255429588,2.0
cg14618116,-0.2760777676103994,2.0
cg04558158,-0.1733449149082525,2.0
cg04137576,-0.16855782114592735,2.0
cg12977135,0.578417056225559,2.0
cg24914884,0.6883451191326195,2.0
cg12447832,0.2682110762495654,2.0
cg03066080,-0.3041888786368996,2.0
cg13201172,1.6198268115778882,2.0
cg27560132,0.3136301643562373,2.0
cg04427498,0.6358628596073949,2.0
cg05760937,-0.5014256469624107,2.0
cg00061031,-0.018139888279032332,2.0
cg05923914,-0.7741399109164938,2.0
cg06675784,-0.1142898304410275,2.0
cg08183425,0.12192050432853206,2.0
cg09612502,-0.3390984033463992,2.0
cg01868791,0.7518468150232365,2.0
cg09363206,-0.038719188325267224,2.0
cg23677780,1.345864902877605,2.0
cg05258294,1.3910866470990266,2.0
cg00386007,0.0698593629420048,2.0
cg11430783,-0.04580735646060209,2.0
cg07436579,-0.30235583716082726,2.0
cg03184441,0.2543415362413306,2.0
cg20119148,0.47715317417203945,2.0
cg00193959,-0.7706464450543299,2.0
cg16601094,0.25377083118236116,2.0
cg23193759,0.41767484547709044,2.0
cg27545630,0.5731584545335087,2.0
cg27451587,-0.2078685022211063,2.0
cg20692569,0.42684929804123595,2.0
cg15563355,0.867220869346905,2.0
cg16709403,-0.31637274738795,2.0
cg01588224,-0.002317267228452318,2.0
cg05946118,0.18750217010894282,2.0
cg08704536,-0.32243615740035736,2.0
cg24510397,0.04217092993566084,2.0
cg06357305,0.5163760031638858,2.0
cg10547761,1.0536397849355204,2.0
cg04737150,0.057969316298326086,2.0
cg02091185,0.8838590962994787,2.0
cg17204562,-0.028066683489555967,2.0
cg04630490,-0.31784426164150287,2.0
cg21186966,-0.41439878751217785,2.0
cg10464418,-1.007358916925722,2.0
cg01912040,2.3530929401238794,2.0
cg16248435,-0.03377114615626041,2.0
cg07719077,0.39413436607789953,2.0
cg20098446,-0.048707689025697894,2.0
cg12041075,-0.4302655616016675,2.0
cg09734123,-0.16141031299577577,2.0
cg15042332,-0.14781528210702108,2.0
cg03554221,-0.5188900004379027,2.0
cg16374343,-0.3763483244715564,2.0
cg08514311,-0.11907021371228113,2.0
cg10000096,0.1854228535152726,2.0
cg19753864,0.6282780665688527,2.0
cg16668397,-0.03973792123475875,2.0
cg07324245,-0.205767733879684,2.0
cg15861156,-0.9621450661009143,2.0
cg23851558,-1.1108685753286192,2.0
cg11905850,0.285831798635001,2.0
cg14335159,0.7169906273725215,2.0
cg12793753,0.15112088857287015,2.0
cg19399220,0.3156609936758544,2.0
cg25538571,-0.19227700904649495,2.0
cg06319762,0.27494650797920456,2.0
cg02076607,1.3102338653272678,2.0
cg17896965,1.3374700663039443,2.0
cg07917031,-0.9073273500290663,2.0
cg04267284,-0.9739844110433905,2.0
cg07030373,0.001569724629871951,2.0
cg04234543,-0.051956677577874505,2.0
cg24347098,-0.08425552499055985,2.0
cg16855929,-0.9197092734217067,2.0
cg06100618,0.5644170822293791,2.0
cg02943595,-0.7737460118812987,2.0
cg24042452,0.9786754511809439,2.0
cg18116267,0.4631892004411096,2.0
cg00167158,-0.6850310860788031,2.0
cg11852212,1.7247047208885644,2.0
cg04979599,-0.29466654962085453,2.0
cg24724428,0.5791901497677204,2.0
cg27226618,0.45885273910800856,2.0
cg22923050,-0.022864427245288175,2.0
cg08625482,-0.4721749951665851,2.0
cg08869700,0.6486770258170891,2.0
cg01649611,-0.19418941046913618,2.0
cg22967080,0.6280440957512277,2.0
cg24645149,-0.9355813161205221,2.0
cg05667101,0.6227398517520195,2.0
cg03242453,0.20312321203785305,2.0
cg15823461,0.9039752291685116,2.0
cg16741128,-1.414259241915695,2.0
cg14976190,-1.1344410585350688,2.0
cg15165154,-0.08267792132738627,2.0
cg21512950,-0.13896201838051664,2.0
cg14583999,-0.12777691378397482,2.0
cg20078454,1.6266639631445623,2.0
cg03545227,0.36941627955673867,2.0
cg09518195,-0.7817202339558176,2.0
cg12841650,-0.5423118256199237,2.0
cg04764898,-0.006333740013064121,2.0
cg18086520,-0.06772258820345442,2.0
cg15029935,0.099404157260418,2.0
cg12256469,-0.6262691977426582,2.0
cg01082299,-0.08541013706019439,2.0
cg13867039,0.3551080238512929,2.0
cg26981268,0.28767528217545774,2.0
cg23396732,0.4382414829919076,2.0
cg25089598,0.6066249874135601,2.0
cg08281590,0.03202802454393927,2.0
cg12063018,0.6073695767912567,2.0
cg03960390,0.12172462171456724,2.0
cg11535638,-0.25202657496415126,2.0
cg15243542,-0.2821588893472823,2.0
cg25423135,-0.44993705764374126,2.0
cg12623101,-0.4636551002406402,2.0
cg01070907,0.06775058546490675,2.0
cg04833845,-1.6612324849125673,2.0
cg06376558,-0.6292007367253618,2.0
cg12435074,1.3254571861674074,2.0
cg01097897,0.2735067957800419,2.0
cg08766770,-0.04586857019599603,2.0
cg09965388,-0.24295477803186175,2.0
cg25991569,-0.1614102872739635,2.0
cg01264332,-0.39353058165525046,2.0
cg18159289,0.5341213074025694,2.0
cg12859101,0.3187353758283463,2.0
cg12547930,0.6226647342653587,2.0
cg25148632,0.7281187262683526,2.0
cg22486046,0.2623606838809115,2.0
cg06161299,-0.1584447997121704,2.0
cg02645295,-0.2637353642534585,2.0
cg25263189,1.5910157641691542,2.0
cg19609912,-0.9684139580482247,2.0
cg27008631,-0.25339204752093725,2.0
cg18254364,-0.27587414047818976,2.0
cg19797042,1.2852541117811733,2.0
cg27046460,-0.5458296379025633,2.0
cg10501210,-6.063887184051047,2.0
cg27524403,-0.7718161073783383,2.0
cg25409140,-1.5548469262148312,2.0
cg25598685,-0.1929338293172371,2.0
cg05405742,-0.46018826737261287,2.0
cg05135521,-0.5904458807235663,2.0
cg25665528,-0.3213398507805633,2.0
cg11779053,-0.5024110927539558,2.0
cg19972788,0.07988324670448925,2.0
cg03138446,0.5402093619768655,2.0
cg00685622,-0.22148992029423004,2.0
cg03504042,0.2464125870946233,2.0
cg15409237,0.6221131236196291,2.0
cg00154455,0.044167088671983774,2.0
cg04731810,-0.019471525963810393,2.0
cg19585433,0.25793294025161995,2.0
cg11644627,-0.35907451934655044,2.0
cg04742985,0.0956615209192078,2.0
cg23702848,-0.5970782543659917,2.0
cg22931466,0.17579540626537354,2.0
cg20439656,0.611647830814425,2.0
cg19402238,0.06630943405871811,2.0
cg03321180,0.277687379986437,2.0
cg14171727,0.6298863349263734,2.0
cg04868219,-0.30432774353578346,2.0
cg05381692,-0.35045329685365995,2.0
cg25420253,0.1473857390672317,2.0
cg15733049,0.17321471760373808,2.0
cg25405922,1.122808473879304,2.0
cg12593634,-0.12186861979343518,2.0
cg19380156,0.5494965920176667,2.0
cg01512113,-0.600760331946837,2.0
cg18404335,2.1988761603044833,2.0
cg18610978,0.45582748801338796,2.0
cg07811940,-0.5611287130973192,2.0
cg04605816,0.07841917430782318,2.0
cg11281396,0.915615749721513,2.0
cg17966071,0.08355220322946626,2.0
cg22599122,0.11671667502948224,2.0
cg18148255,-0.1471978952662111,2.0
cg14024328,1.0894191401247433,2.0
cg00165078,0.17778253530204807,2.0
cg03303325,-1.1993550542614801,2.0
cg07521789,0.7213364387857218,2.0
cg26247373,-0.2470482099544966,2.0
cg18396626,-0.7585320388472383,2.0
cg06998361,0.04543577832668941,2.0
cg01247693,0.17917819383521377,2.0
cg26921969,0.15659910959073592,2.0
cg16115072,0.06548496369235086,2.0
cg16164923,0.25220475339850057,2.0
cg21386766,-0.37563288579470716,2.0
cg24689061,1.4384245330309435,2.0
cg01138720,0.36110414717530837,2.0
cg12921411,-0.5518854953248199,2.0
cg06583873,-0.22330304752396848,2.0
cg20754979,0.310964828116649,2.0
cg19333980,-0.029067711593852755,2.0
cg08568298,-0.09944629435597781,2.0
cg25015813,-0.7458942899543082,2.0
cg26316072,-0.23084320122531546,2.0
cg14866167,-0.0023529179878514096,2.0
cg00384707,0.27549424955863416,2.0
cg01386314,0.29238742632154985,2.0
cg06128142,0.1507697145743069,2.0
cg07957035,0.12844818925406865,2.0
cg06555661,0.5711330679426979,2.0
cg20217938,-0.4257716960791992,2.0
cg01254644,-0.5083982007303579,2.0
cg11534938,-0.5652435513010575,2.0
cg16139785,0.21943907104174765,2.0
cg02243303,0.25140130419852214,2.0
cg14819229,0.3656850525964814,2.0
cg18034577,0.8855925962990954,2.0
cg15970897,-0.07564764912162376,2.0
cg12541721,0.18782570607389462,2.0
cg18111129,-0.07865581027200816,2.0
cg07117311,0.1717563999078023,2.0
cg11061975,0.7206148722175205,2.0
cg15188688,-0.2717532393183517,2.0
cg12669543,-0.03927418830119005,2.0
cg14544180,-0.10828969666067967,2.0
cg27527874,0.7369281964960617,2.0
cg04767507,-0.16573663248117726,2.0
cg19927214,-0.05044158200941801,2.0
cg11336590,-0.9979395145979274,2.0
cg21537049,-1.2068594194412818,2.0
cg20188214,-0.23432615123131173,2.0
cg19165946,-0.24531839485490117,2.0
cg26837962,0.9579225891590527,2.0
cg04556418,0.12048640020292532,2.0
cg26294229,-0.14759171016814887,2.0
cg26025224,-1.1970964568354743,2.0
cg16477259,0.3052149594462263,2.0
cg05922429,0.6165792731569771,2.0
cg18250474,-0.08804267478814716,2.0
cg01647729,-0.27910898421983926,2.0
cg11862081,-0.11445844354592291,2.0
cg01917340,0.8663622965313513,2.0
cg26075408,0.2563868117417881,2.0
cg11464806,0.48925646350956215,2.0
cg17330061,0.2790337058863529,2.0
cg00533390,0.8725511044162663,2.0
cg21634100,0.37636519976064153,2.0
cg12520772,0.26535569729833974,2.0
cg04775890,-0.17748922254720015,2.0
cg13578841,0.24773460214941098,2.0
cg16259931,0.7550404353546222,2.0
cg27384355,-1.2725118743962522,2.0
cg08322244,0.12180907219774688,2.0
cg02775230,-0.049701798676464244,2.0
cg17442852,0.2826030421782518,2.0
cg03880722,-0.0050662485638022555,2.0
cg27662639,-0.25317518756149165,2.0
cg18586851,0.5783665232242187,2.0
cg22708630,-0.012078732387654622,2.0
cg18555289,-0.2226550513414041,2.0
cg24335310,-0.6105826378658709,2.0
cg08367318,0.45238130919978287,2.0
cg18052778,0.1479611275921098,2.0
cg20063640,0.7754480076722305,2.0
cg17486066,0.3350484252707701,2.0
cg14614689,0.6582504117738932,2.0
cg07937803,0.12154074546569354,2.0
cg05762612,0.46615408899497573,2.0
cg04400145,-0.315844863230357,2.0
cg14514991,0.15483426187434013,2.0
cg05512735,0.4659071882441592,2.0
cg23259527,-0.4013237166802044,2.0
cg11994229,-0.849310520734009,2.0
cg06769116,0.4804100272411003,2.0
cg02576440,0.06788618952103398,2.0
cg18009321,-0.04875496289593344,2.0
cg11221524,0.4256606753074523,2.0
cg12373771,0.13987073877940856,2.0
cg26039141,-0.37178717678842693,2.0
cg08565632,0.9437218797303664,2.0
cg27294813,-0.4124319702739264,2.0
cg11214532,-1.4021500949846155,2.0
cg00804078,-0.8355186591661422,2.0
cg02202502,0.3730446769237101,2.0
cg07677157,-1.3874949498374205,2.0
cg08057698,0.2857583489680293,2.0
cg22033061,-0.4046962923306234,2.0
cg24137448,0.6818098235978625,2.0
cg05333844,0.31765028156581826,2.0
cg10150962,-0.6835207282639054,2.0
cg15157974,-0.8905186679420205,2.0
cg03172931,-0.06022638459551066,2.0
cg07788865,-0.27125462549088997,2.0
cg08463280,0.25551742309553527,2.0
cg23242341,-0.10845438118731136,2.0
cg11846559,2.199876006605048,2.0
cg05238276,0.013934639133293583,2.0
cg07392740,0.3470397853318861,2.0
cg24082526,0.08181250520779777,2.0
cg03538565,-0.023000186388570133,2.0
cg24358467,0.02775114674370533,2.0
cg10835286,-1.0443547305960208,2.0
cg21956434,1.6300211555017492,2.0
cg01693830,0.36188088516490163,2.0
cg17534540,-0.4564995078451612,2.0
cg23618218,-0.012532248299473856,2.0
cg24427724,-0.9711496246918749,2.0
cg17788013,0.2695712661481432,2.0
cg06511274,0.22946671252121814,2.0
cg11337915,0.01634822530719885,2.0
cg13261106,0.3649231002518253,2.0
cg01869955,-0.045664107383078446,2.0
cg13049357,0.25248507283490734,2.0
cg18428006,-0.06645112713540673,2.0
cg21383341,-0.3296266348973641,2.0
cg17740743,0.804435363589074,2.0
cg24138650,0.1687939963359443,2.0
cg01957901,-0.12196451571017476,2.0
cg11615607,1.1149235912847681,2.0
cg03030419,0.19055177009452084,2.0
cg24507955,-0.5317391277415885,2.0
cg02341759,0.16219472473951374,2.0
cg15420468,0.02224587829786319,2.0
cg22483742,1.424541045197268,2.0
cg05229035,-1.24990707319028,2.0
cg04185542,-0.9701491315307506,2.0
cg14147842,-0.1695608351003559,2.0
cg14818960,0.09657683734494504,2.0
cg16375358,0.29155662148060685,2.0
cg15733932,-0.23841364257893574,2.0
cg15212295,0.6958803326184912,2.0
cg08186935,0.02914891209187463,2.0
cg20140950,-0.2812335298765507,2.0
cg22735749,-0.03709108805084106,2.0
cg16349616,-0.3569026613659943,2.0
cg24888814,0.4536472437223198,2.0
cg23908638,-1.0835027096953362,2.0
cg26241240,-0.17854510739913484,2.0
cg20436707,0.3286314140510517,2.0
cg18391972,-0.07287915321598698,2.0
cg11213143,-0.45884285215890286,2.0
cg16143325,-0.5929647479582042,2.0
cg19786648,0.3416074375382448,2.0
cg12686847,0.11277829650504127,2.0
cg04433322,-1.520631779051797,2.0
cg19600023,-0.30192860198436233,2.0
cg00028336,-0.15221610860147297,2.0
cg01714553,0.6484429009621957,2.0
cg15839913,-0.7794244159977813,2.0
cg26427827,0.012009680412811537,2.0
cg08829024,-0.45058244389850904,2.0
cg19908207,-0.225033809058251,2.0
cg16970087,0.34229598406132455,2.0
cg02144516,0.3152476897309729,2.0
cg11724393,-0.5385688231213764,2.0
cg20448447,0.5742599766620179,2.0
cg04375036,-0.14580020230448265,2.0
cg11943883,0.6403682839646033,2.0
cg03466930,-0.6169760161619736,2.0
cg02063846,-0.30462901608291293,2.0
cg14111697,0.3093036609307852,2.0
cg08491437,0.1421994079977376,2.0
cg13630878,-0.12285188270064061,2.0
cg21002224,0.09442677554260305,2.0
cg05757907,-0.4353252923013872,2.0
cg11203827,-0.1348131283465886,2.0
cg09795081,-0.8444214078790635,2.0
cg03681150,0.05182728113650139,2.0
cg02039485,0.5722405519524112,2.0
cg15817440,0.15571846651288385,2.0
cg05880944,0.6033895224332712,2.0
cg02893780,0.5203864108101112,2.0
cg19465320,-0.23524436474679067,2.0
cg02749752,0.40968301925414075,2.0
cg05917988,0.017369521194210372,2.0
cg24620709,0.1779193577259966,2.0
cg03526142,0.698505672257982,2.0
cg25819103,0.2260691019138697,2.0
cg22911054,-0.305722665234709,2.0
cg00601711,0.3064959438662768,2.0
cg24931856,-0.8590925527290499,2.0
cg11382203,-0.1062195074036576,2.0
cg01906801,-0.22361220819211416,2.0
cg06597431,-1.7294230836490299,2.0
cg00073090,-0.2756811350073202,2.0
cg04607131,-0.3055893775698927,2.0
cg06212670,0.4504975561790516,2.0
cg21774827,0.022062962933263867,2.0
cg17453374,0.07938440289770428,2.0
cg07196505,0.6306745400299048,2.0
cg00624564,-0.09508198357633811,2.0
cg12691739,0.6302602950992151,2.0
cg11859489,0.559151803408818,2.0
cg06639320,0.8732473547283701,2.0
cg07177395,-1.160600045233318,2.0
cg17331566,-0.0842627102298908,2.0
cg19293468,0.5946082487172631,2.0
cg07464408,0.8847961316810558,2.0
cg13096351,-0.07918533471470127,2.0
cg21618635,-0.5147282137827947,2.0
cg25050565,-0.45914166568363024,2.0
cg12975324,0.1435915650929411,2.0
cg03551807,-0.24824443797121193,2.0
cg02128483,0.8548724592915563,2.0
cg01443318,-0.6967072595859582,2.0
cg08898569,-0.76001462149947,2.0
cg11926456,0.03603443703942148,2.0
cg10545250,0.06492677209376092,2.0
cg14193097,-0.5796311652373589,2.0
cg05308970,-0.18713142385182985,2.0
cg18187985,0.12376096345247559,2.0
cg12262181,0.6304763886487343,2.0
cg25562958,-0.3105623952586073,2.0
cg14384960,1.2162022712124518,2.0
cg23252828,-0.14861278907548803,2.0
cg01610522,0.13019865754978655,2.0
cg18603577,-0.9513687134466555,2.0
cg00740914,-0.040943244481809644,2.0
cg15844374,0.0006055297312326784,2.0
cg16888559,0.3276350993249902,2.0
cg08770761,0.04415981639281518,2.0
cg17825770,0.14908041265236804,2.0
cg04613057,-0.2733295736505078,2.0
cg14894367,0.7464059852765492,2.0
cg10477073,2.104925960726677,2.0
cg04880546,1.3982189391248399,2.0
cg08371223,-0.44265774844004024,2.0
cg12640653,0.33938528810945207,2.0
cg20571513,0.013310160554266549,2.0
cg10016004,0.007339081327364616,2.0
cg00325381,-0.08833978902704635,2.0
cg03350900,0.22994992118534596,2.0
cg10100287,-0.043458470745107586,2.0
cg17357561,-0.04958521357314621,2.0
cg21106461,0.19069471917967554,2.0
cg24185850,-0.227275549542188,2.0
cg04683330,-0.16026404290274984,2.0
cg05228359,-0.0666036813566042,2.0
cg13943358,0.1601990942477841,2.0
cg23900070,0.49998309847531797,2.0
cg03286735,-0.5737700358750127,2.0
cg14981819,-0.18349841066645256,2.0
cg04094193,2.74768879971995,2.0
cg23527366,-0.2733559323504676,2.0
cg15445000,0.11256161586269924,2.0
cg08363339,0.04343129139928873,2.0
cg20435267,0.2893600458269535,2.0
cg16767867,-0.9952694282663667,2.0
cg24528602,0.9921485518610513,2.0
cg20183519,0.6350258529506834,2.0
cg24181062,0.012019874383080326,2.0
cg15393490,-1.5779796092493432,2.0
cg06084073,-0.47037963761063445,2.0
cg00864012,0.26057784028733916,2.0
cg10925640,-0.20733114612825804,2.0
cg18098004,-0.5693168969061345,2.0
cg21727223,-0.22545287392313984,2.0
cg16471362,0.34380527698658986,2.0
cg03341233,-0.47111044227055293,2.0
cg12084990,0.5115416445332789,2.0
cg11148581,0.16928290733545484,2.0
cg04241863,0.6040467203110922,2.0
cg17855279,0.8878124810709148,2.0
cg24678732,-0.629984963768766,2.0
cg05776138,-0.38386536476667216,2.0
cg15784997,1.0118015174068582,2.0
cg04839706,0.16239940900200422,2.0
cg03730703,0.012340150181776411,2.0
cg24150662,0.09091073668081656,2.0
cg13231680,0.4320871696178292,2.0
cg03892103,0.7994877982726811,2.0
cg13854930,0.4355509580761633,2.0
cg19551055,0.40074941181721435,2.0
cg17514353,-0.09451776115090474,2.0
cg17015340,0.30936273723426133,2.0
cg23807646,-0.17036018402302164,2.0
cg11724135,-0.07157582230388414,2.0
cg24089171,1.5602953642052126,2.0
cg08443563,-0.2878719483096674,2.0
cg15325704,-0.17505843603927118,2.0
cg07267845,0.22452529184581557,2.0
cg04086087,-0.14378446609862264,2.0
cg00136787,0.3538236527727978,2.0
cg10772322,-0.1644161947866498,2.0
cg27380904,1.9437421758718798,2.0
cg20940044,1.5015663454973207,2.0
cg10498703,-0.22349277918204125,2.0
cg16863332,0.017858788493439012,2.0
cg23712401,-0.46444895343765397,2.0
cg03668470,0.3389516687536794,2.0
cg01646718,-0.7977295424634968,2.0
cg13507224,-0.2457264306027192,2.0
cg01916058,-0.8677400321891258,2.0
cg00624037,0.3920858153356261,2.0
cg07773186,-1.3839594657817031,2.0
cg25135333,0.14729906144241445,2.0
cg15239145,0.1571836185835221,2.0
cg05012356,-0.31686590963240896,2.0
cg27093637,-0.4370337647930579,2.0
cg17360338,-0.3792284618682751,2.0
cg25971823,-0.7920580833620465,2.0
cg21147983,0.27427034216248575,2.0
cg24803059,1.4646960262448256,2.0
cg19926144,-0.8704637537598024,2.0
cg06939447,1.4970778392420636,2.0
cg01166219,0.48279403672445864,2.0
cg12053296,0.5210195310632596,2.0
cg22016770,-0.0416103412991996,2.0
cg08798307,0.3178115042532625,2.0
cg06698926,0.3208590510973968,2.0
cg20140940,-0.673231838391773,2.0
cg26432195,0.1665501521473145,2.0
cg27426151,0.3530048834904769,2.0
cg04423188,-0.9436774565520868,2.0
cg21520772,0.2216540290019546,2.0
cg19946376,0.15979955480325495,2.0
cg04913803,-0.33795614139192526,2.0
cg22036538,0.9065336154703155,2.0
cg11888359,0.18896644446288152,2.0
cg12955127,-0.9475278640243826,2.0
cg02298401,-0.680149289543649,2.0
cg05274680,-0.0888501291621207,2.0
cg08878662,-0.07946029166105033,2.0
cg26878836,-0.43608591226324744,2.0
cg24935217,-0.025216828567920048,2.0
cg00906908,-0.18472769188509272,2.0
cg06698399,1.1097294083718088,2.0
cg04436083,0.16808133233428219,2.0
cg24895178,-0.26548848827256627,2.0
cg13971025,1.285510923907081,2.0
cg00822157,0.6435378251623821,2.0
cg20439624,-0.5163140088230885,2.0
cg10558740,0.18692026921757782,2.0
cg12513686,0.7768135812405147,2.0
cg19517476,1.2882339946383454,2.0
cg09864325,-0.8056675399465205,2.0
cg23457268,0.9963796857462187,2.0
cg10020546,0.3603779287005134,2.0
cg15913157,-0.7227578646855882,2.0
cg26014281,0.41218083501366154,2.0
cg13987792,-0.17782440944727115,2.0
cg07078958,-0.6093688239510028,2.0
cg06637032,0.9726580611207446,2.0
cg01058070,0.3804807697812078,2.0
cg06413794,-0.008151509758568817,2.0
cg13258774,0.05085364537999776,2.0
cg02587120,-0.9108124347827011,2.0
cg02993699,0.2174511793311861,2.0
cg03758241,0.6154552990952178,2.0
cg23114435,-0.09716797214850166,2.0
cg19466875,-0.9173037351574721,2.0
cg12186839,1.4975950848875164,2.0
cg10161194,0.17516324494013802,2.0
cg08177015,-0.1855210991395182,2.0
cg14286320,0.5655566876152663,2.0
cg11848113,-0.12566738228043828,2.0
cg27180671,-0.7371986314908268,2.0
cg18069144,0.38667880303494834,2.0
cg17557340,0.8123361485663634,2.0
cg15460921,-0.1882345553255472,2.0
cg25634000,-0.7710997796374736,2.0
cg02562579,0.25953377091593877,2.0
cg12583553,0.1986563582436449,2.0
cg16868095,-0.5388461628070449,2.0
cg09228402,-1.5308395892014783,2.0
cg17022393,-0.2027098557413103,2.0
cg22833603,-0.6851871444232137,2.0
Intercept,-8.779986932293554,0.0
