Sample,Dataset,Age,Predicted_Age
GSM1712369_GSE69914,GSE69914,53.0,50.22704261354084
GSM1712372_GSE69914,GSE69914,48.0,50.554206744740476
GSM1712385_GSE69914,GSE69914,21.0,26.841736031002405
GSM1712392_GSE69914,GSE69914,39.0,39.309694349979985
GSM1712398_GSE69914,GSE69914,40.0,40.37569769893198
GSM1712412_GSE69914,GSE69914,51.0,55.080010189788574
GSM1712423_GSE69914,GSE69914,53.0,59.197951206359
GSM1712435_GSE69914,GSE69914,47.0,42.542725991112405
GSM1712439_GSE69914,GSE69914,60.0,57.32813932862697
GSM1712440_GSE69914,GSE69914,49.0,52.80634014409055
GSM1712449_GSE69914,GSE69914,61.0,60.515234446903186
GSM1712464_GSE69914,GSE69914,65.0,66.33557010434194
GSM1712472_GSE69914,GSE69914,62.0,60.52199278954145
GSM1712489_GSE69914,GSE69914,32.0,38.8493004491691
GSM1712490_GSE69914,GSE69914,41.0,41.030678102985384
GSM1712504_GSE69914,GSE69914,51.0,57.0268415759464
GSM1712535_GSE69914,GSE69914,52.0,52.32417746977958
GSM1712541_GSE69914,GSE69914,56.0,54.741020192087085
GSM1712551_GSE69914,GSE69914,53.0,61.02499650036163
GSM1712565_GSE69914,GSE69914,60.0,58.61110819564035
GSM1712566_GSE69914,GSE69914,43.0,42.97753498226571
GSM1712574_GSE69914,GSE69914,18.0,13.063443224689138
GSM1712578_GSE69914,GSE69914,26.0,31.086920226627676
GSM1712583_GSE69914,GSE69914,49.0,49.540208541543926
GSM1712598_GSE69914,GSE69914,31.0,36.74845910638408
GSM1712609_GSE69914,GSE69914,50.0,49.64063225306274
GSM1712615_GSE69914,GSE69914,79.0,61.89850161836379
GSM1712620_GSE69914,GSE69914,48.0,51.284742379418724
GSM1712625_GSE69914,GSE69914,52.0,57.18320893780086
GSM1712633_GSE69914,GSE69914,43.0,49.519933545306806
GSM1712648_GSE69914,GSE69914,45.0,45.89760849467868
GSM1712649_GSE69914,GSE69914,63.0,52.6355421329251
GSM1712660_GSE69914,GSE69914,37.0,57.17537947969499
GSM1712661_GSE69914,GSE69914,80.0,67.9856324617013
GSM1712664_GSE69914,GSE69914,39.0,40.81527877152156
GSM1712678_GSE69914,GSE69914,73.0,49.18111743802341
GSM1712682_GSE69914,GSE69914,38.0,50.06949601125681
GSM1712683_GSE69914,GSE69914,53.0,54.955348893046086
GSM1712693_GSE69914,GSE69914,65.0,59.7260082387183
GSM1712700_GSE69914,GSE69914,62.0,62.27939580800655
GSM1712713_GSE69914,GSE69914,53.0,54.36915318185408
GSM1712721_GSE69914,GSE69914,68.0,67.34156186480524
GSM1712723_GSE69914,GSE69914,20.0,25.346697873653476
GSM1712733_GSE69914,GSE69914,56.0,52.75364639973606
GSM1712745_GSE69914,GSE69914,48.0,37.180967051669676
GSM1712755_GSE69914,GSE69914,51.0,42.1865745661592
GSM1712763_GSE69914,GSE69914,64.0,62.49895152334626
GSM1712772_GSE69914,GSE69914,57.0,60.99963778550964
GSM1712776_GSE69914,GSE69914,20.0,24.508885046407663
28_GSE67919,GSE67919,47.0,41.17287086317647
29_GSE67919,GSE67919,41.0,45.53081383499112
30_GSE67919,GSE67919,47.0,50.50390971063359
31_GSE67919,GSE67919,40.0,37.3371465896512
32_GSE67919,GSE67919,42.0,40.28939886109091
33_GSE67919,GSE67919,76.0,47.871174637220705
34_GSE67919,GSE67919,23.0,29.58463630380936
35_GSE67919,GSE67919,52.0,57.21177803375872
36_GSE67919,GSE67919,27.0,31.967748689434465
37_GSE67919,GSE67919,35.0,34.25060812634102
38_GSE67919,GSE67919,69.0,39.84788840674842
39_GSE67919,GSE67919,32.0,39.503547730976265
40_GSE67919,GSE67919,19.0,23.831365400678315
41_GSE67919,GSE67919,53.0,50.26459262985707
42_GSE67919,GSE67919,35.0,35.51644487713945
43_GSE67919,GSE67919,49.0,38.97147501318606
44_GSE67919,GSE67919,44.0,34.351520918209374
46_GSE67919,GSE67919,34.0,38.38700500734012
47_GSE67919,GSE67919,24.0,33.902727806374045
52_GSE67919,GSE67919,72.0,65.85324192048431
61_GSE67919,GSE67919,54.0,51.06722089907001
70_GSE67919,GSE67919,50.0,49.28560562010796
90_GSE67919,GSE67919,55.0,38.098711549661125
91_GSE67919,GSE67919,29.0,31.304011545558936
93_GSE67919,GSE67919,66.0,51.73140083738302
98_GSE67919,GSE67919,58.0,55.90380333207389
205624870104_R01C01_GSE225845,GSE225845,18.0,22.03347071984473
205624870104_R03C01_GSE225845,GSE225845,21.0,18.626354374666242
205624870104_R04C01_GSE225845,GSE225845,52.0,51.44046409424577
205624870104_R02C01_GSE225845,GSE225845,15.0,14.607713487625029
205624870104_R05C01_GSE225845,GSE225845,42.0,46.61309443338574
205624870104_R06C01_GSE225845,GSE225845,32.0,30.528319639588048
205624870104_R07C01_GSE225845,GSE225845,23.0,20.980850613817672
205624870104_R08C01_GSE225845,GSE225845,32.0,31.53670040583293
205624900106_R01C01_GSE225845,GSE225845,26.0,29.203782426045205
205624900106_R03C01_GSE225845,GSE225845,21.0,20.092648981856517
205624900106_R02C01_GSE225845,GSE225845,22.0,22.215752555917664
205624900106_R04C01_GSE225845,GSE225845,36.0,30.650382278056604
205624900106_R05C01_GSE225845,GSE225845,21.0,24.776782864063502
205624900106_R06C01_GSE225845,GSE225845,27.0,27.854661663695
205624900106_R07C01_GSE225845,GSE225845,46.0,43.9432882851187
205061420110_R08C01_GSE225845,GSE225845,56.0,49.09166293578876
205624900143_R06C01_GSE225845,GSE225845,35.0,41.27668911347886
205624900106_R08C01_GSE225845,GSE225845,55.0,46.331719826860734
205624880121_R01C01_GSE225845,GSE225845,29.0,29.92762802157815
205624880121_R02C01_GSE225845,GSE225845,34.0,30.126951003867287
205624880121_R03C01_GSE225845,GSE225845,51.0,46.150519664959006
205624880121_R04C01_GSE225845,GSE225845,31.0,40.91777705672488
205624880121_R05C01_GSE225845,GSE225845,43.0,34.549824529073845
205624880121_R06C01_GSE225845,GSE225845,26.0,30.04352145967546
205624880121_R07C01_GSE225845,GSE225845,49.0,43.768360512806694
204425700047_R01C01_GSE225845,GSE225845,47.0,37.365675890764
205624880121_R08C01_GSE225845,GSE225845,66.0,58.48991685200383
205624870143_R01C01_GSE225845,GSE225845,48.0,49.523088411102634
205624870143_R02C01_GSE225845,GSE225845,22.0,24.75295444361282
205624870143_R03C01_GSE225845,GSE225845,29.0,34.62632900663065
205624870143_R04C01_GSE225845,GSE225845,38.0,39.05169127569485
205624870143_R05C01_GSE225845,GSE225845,40.0,45.865587523417176
205624870143_R06C01_GSE225845,GSE225845,40.0,38.76224135757293
204425700047_R02C01_GSE225845,GSE225845,45.0,42.63039673714973
205624870143_R07C01_GSE225845,GSE225845,36.0,34.51352338566552
205624870143_R08C01_GSE225845,GSE225845,30.0,28.95703940943391
205624870146_R04C01_GSE225845,GSE225845,61.0,54.705969104871386
205624870146_R03C01_GSE225845,GSE225845,20.0,23.97613138222279
205624870146_R02C01_GSE225845,GSE225845,52.0,45.373306644339394
205624870146_R01C01_GSE225845,GSE225845,29.0,19.933343661360688
205624870146_R05C01_GSE225845,GSE225845,21.0,30.4493441066122
204425700047_R03C01_GSE225845,GSE225845,51.0,47.512043551081774
205624870146_R06C01_GSE225845,GSE225845,65.0,56.40589315569973
205624870146_R07C01_GSE225845,GSE225845,29.0,32.39086575009857
205624870146_R08C01_GSE225845,GSE225845,36.0,35.22969118906805
205624870163_R01C01_GSE225845,GSE225845,20.0,26.00881223174407
204425700047_R04C01_GSE225845,GSE225845,42.0,48.27621233599275
205624870163_R02C01_GSE225845,GSE225845,39.0,42.780931835989776
205624870163_R03C01_GSE225845,GSE225845,51.0,47.929760464281955
205624870163_R08C01_GSE225845,GSE225845,32.0,26.867087810741488
205624870163_R07C01_GSE225845,GSE225845,49.0,47.164433138800725
205624870163_R06C01_GSE225845,GSE225845,70.0,60.22209654062686
205624870164_R01C01_GSE225845,GSE225845,48.0,46.43968970044555
205624870163_R04C01_GSE225845,GSE225845,22.0,30.149181018825814
205624870164_R02C01_GSE225845,GSE225845,34.0,35.22743655632071
205624870163_R05C01_GSE225845,GSE225845,60.0,54.60094179454107
205624870164_R04C01_GSE225845,GSE225845,28.0,30.60521818970242
205624870164_R03C01_GSE225845,GSE225845,27.0,32.16440818532852
205624870164_R05C01_GSE225845,GSE225845,17.0,13.733350428228075
205624870164_R06C01_GSE225845,GSE225845,30.0,41.95507438271566
205624870164_R07C01_GSE225845,GSE225845,45.0,47.34166077936788
205061420006_R06C01_GSE225845,GSE225845,51.0,54.37693621889958
205624870164_R08C01_GSE225845,GSE225845,42.0,38.24266032064057
204425700047_R05C01_GSE225845,GSE225845,64.0,50.9028300470025
204425710129_R02C01_GSE225845,GSE225845,40.0,40.46291691271925
205624870165_R01C01_GSE225845,GSE225845,30.0,39.1877416874574
205624870165_R03C01_GSE225845,GSE225845,38.0,59.16585801207748
205059710125_R02C01_GSE225845,GSE225845,42.0,39.268743083576155
204425700047_R08C01_GSE225845,GSE225845,37.0,39.38284639862985
205061420008_R06C01_GSE225845,GSE225845,35.0,37.69210390049951
205624870165_R02C01_GSE225845,GSE225845,65.0,42.490027085909716
205059710125_R01C01_GSE225845,GSE225845,36.0,39.61969646339031
204425710062_R03C01_GSE225845,GSE225845,41.0,36.36085436633645
204425700047_R06C01_GSE225845,GSE225845,57.0,55.299782143219254
204425700047_R07C01_GSE225845,GSE225845,35.0,33.76562088830974
205624870165_R05C01_GSE225845,GSE225845,27.0,28.747702778977185
204425710056_R01C01_GSE225845,GSE225845,46.0,48.50791003040494
205624870165_R04C01_GSE225845,GSE225845,38.0,38.36404130941814
205624870165_R06C01_GSE225845,GSE225845,34.0,34.65172620931707
204425710062_R04C01_GSE225845,GSE225845,46.0,41.751678589423136
205624870165_R07C01_GSE225845,GSE225845,48.0,43.25412589198422
205624870165_R08C01_GSE225845,GSE225845,48.0,47.74178600828916
205624900051_R01C01_GSE225845,GSE225845,18.0,17.400544549722717
205624900051_R03C01_GSE225845,GSE225845,40.0,40.93427100325094
205624900051_R02C01_GSE225845,GSE225845,53.0,48.661846188398535
204425710056_R02C01_GSE225845,GSE225845,35.0,36.656406223710064
204425710056_R03C01_GSE225845,GSE225845,37.0,38.1499262336494
204425710061_R07C01_GSE225845,GSE225845,40.0,44.48044995065898
205624900051_R05C01_GSE225845,GSE225845,27.0,30.052829531907044
205059710125_R03C01_GSE225845,GSE225845,34.0,29.504258950126044
205624900051_R04C01_GSE225845,GSE225845,26.0,23.751983886472736
204425710056_R04C01_GSE225845,GSE225845,56.0,50.785305928021174
204425710056_R05C01_GSE225845,GSE225845,44.0,45.76782325024783
204425710056_R06C01_GSE225845,GSE225845,40.0,37.115346853548346
204425710056_R07C01_GSE225845,GSE225845,31.0,29.345782505643136
205624900051_R08C01_GSE225845,GSE225845,42.0,45.814886275457155
204425710056_R08C01_GSE225845,GSE225845,43.0,37.71629411412722
205624900051_R06C01_GSE225845,GSE225845,33.0,33.85892934942323
204425710074_R01C01_GSE225845,GSE225845,50.0,43.80331070918639
204425710062_R05C01_GSE225845,GSE225845,49.0,49.322031393931276
205624900051_R07C01_GSE225845,GSE225845,24.0,22.92033536361964
204425710074_R05C01_GSE225845,GSE225845,36.0,38.61775250503891
205059710125_R04C01_GSE225845,GSE225845,33.0,39.09806609205536
205059710125_R05C01_GSE225845,GSE225845,32.0,34.86286144057248
204425710074_R02C01_GSE225845,GSE225845,38.0,41.673781012563026
205624900056_R02C01_GSE225845,GSE225845,28.0,31.028506909813363
204425710074_R03C01_GSE225845,GSE225845,37.0,36.80325668831182
204425710074_R04C01_GSE225845,GSE225845,38.0,36.81902508984255
204425710074_R06C01_GSE225845,GSE225845,32.0,30.466845095197527
205624900056_R01C01_GSE225845,GSE225845,48.0,45.49259611101323
204425710074_R07C01_GSE225845,GSE225845,50.0,47.04501518824118
205059710125_R08C01_GSE225845,GSE225845,34.0,34.7179518253004
204425710134_R01C01_GSE225845,GSE225845,44.0,45.67381491269184
204425710062_R06C01_GSE225845,GSE225845,54.0,50.96961590383472
204425710134_R06C01_GSE225845,GSE225845,40.0,38.58663363469522
204425710074_R08C01_GSE225845,GSE225845,43.0,37.00814186117801
205624900056_R03C01_GSE225845,GSE225845,35.0,38.03226997497481
204425710134_R05C01_GSE225845,GSE225845,45.0,39.74163855485365
205624900056_R05C01_GSE225845,GSE225845,47.0,44.86502292670434
204425710134_R02C01_GSE225845,GSE225845,45.0,47.030330680562315
205059710125_R06C01_GSE225845,GSE225845,34.0,40.60427071662237
204425710134_R03C01_GSE225845,GSE225845,54.0,42.351003276761986
205624900056_R04C01_GSE225845,GSE225845,20.0,19.752797036806633
204425710134_R04C01_GSE225845,GSE225845,33.0,32.01330459913753
205624900056_R06C01_GSE225845,GSE225845,16.0,10.32392371384386
205624900056_R07C01_GSE225845,GSE225845,43.0,43.1529547356253
205624900056_R08C01_GSE225845,GSE225845,39.0,35.1731082631905
205059710125_R07C01_GSE225845,GSE225845,37.0,35.40111893181846
204425710134_R07C01_GSE225845,GSE225845,35.0,31.887963028866338
204425700003_R02C01_GSE225845,GSE225845,53.0,53.93173971801011
205624900118_R01C01_GSE225845,GSE225845,42.0,48.25662665635372
204425700003_R08C01_GSE225845,GSE225845,35.0,37.41922746802655
205624900118_R04C01_GSE225845,GSE225845,35.0,33.34376939351469
205624900118_R02C01_GSE225845,GSE225845,39.0,32.656822116338454
205061420085_R01C01_GSE225845,GSE225845,33.0,32.371283809662586
204425710134_R08C01_GSE225845,GSE225845,46.0,40.046058049529776
205624900118_R03C01_GSE225845,GSE225845,49.0,42.26555590541627
204425700003_R01C01_GSE225845,GSE225845,30.0,29.994993600672174
205624900118_R05C01_GSE225845,GSE225845,44.0,42.35327736166859
204425700003_R06C01_GSE225845,GSE225845,53.0,50.05010878730086
205624900118_R06C01_GSE225845,GSE225845,20.0,20.30596091926069
204425710062_R01C01_GSE225845,GSE225845,52.0,48.301730037834105
205061420085_R02C01_GSE225845,GSE225845,39.0,40.897500761191345
203723060067_R04C01_GSE225845,GSE225845,46.0,48.67453383838221
204425700003_R03C01_GSE225845,GSE225845,37.0,39.183246921216565
205624900118_R07C01_GSE225845,GSE225845,45.0,41.52226220972651
204425700003_R05C01_GSE225845,GSE225845,33.0,33.3434372233011
205061420006_R01C01_GSE225845,GSE225845,37.0,37.24316968081323
205061420085_R03C01_GSE225845,GSE225845,34.0,37.916183816525354
204425700003_R04C01_GSE225845,GSE225845,47.0,45.59852823552407
204425700003_R07C01_GSE225845,GSE225845,40.0,36.480095469178494
203723060067_R08C01_GSE225845,GSE225845,90.0,70.53572891453919
205624900118_R08C01_GSE225845,GSE225845,21.0,20.188604288431478
205624900126_R03C01_GSE225845,GSE225845,36.0,36.032587169157026
204425710055_R07C01_GSE225845,GSE225845,50.0,47.36792890387972
205624900126_R01C01_GSE225845,GSE225845,23.0,23.37903557243549
204425710047_R02C01_GSE225845,GSE225845,51.0,44.30713037953979
205624900126_R02C01_GSE225845,GSE225845,56.0,57.36421639339768
204425710047_R03C01_GSE225845,GSE225845,31.0,32.05014199776939
204425710062_R02C01_GSE225845,GSE225845,40.0,35.0594823668749
204425710055_R08C01_GSE225845,GSE225845,37.0,37.09526647763114
204425710047_R04C01_GSE225845,GSE225845,39.0,40.42346275678454
204425710047_R01C01_GSE225845,GSE225845,48.0,40.087851872222856
205061420085_R04C01_GSE225845,GSE225845,32.0,34.850366852466664
204425710047_R05C01_GSE225845,GSE225845,38.0,32.658588700604106
204425710055_R06C01_GSE225845,GSE225845,50.0,46.18004253087786
204425710055_R05C01_GSE225845,GSE225845,50.0,48.709837250600444
205061420085_R05C01_GSE225845,GSE225845,42.0,40.3921244246753
205061420085_R06C01_GSE225845,GSE225845,33.0,28.65709668297471
204425710047_R08C01_GSE225845,GSE225845,53.0,46.83690787364327
205061420085_R07C01_GSE225845,GSE225845,34.0,33.8967091055534
204425710055_R01C01_GSE225845,GSE225845,34.0,32.76816523890879
204425710047_R07C01_GSE225845,GSE225845,38.0,41.1921487476561
204425710062_R08C01_GSE225845,GSE225845,42.0,40.3269649654078
204425710047_R06C01_GSE225845,GSE225845,45.0,48.438575512293696
204425710055_R02C01_GSE225845,GSE225845,48.0,46.31769509464203
204425710055_R04C01_GSE225845,GSE225845,33.0,31.00830053176675
204425710055_R03C01_GSE225845,GSE225845,56.0,56.0410433779767
204425700062_R01C01_GSE225845,GSE225845,40.0,37.98801221461217
204425700062_R04C01_GSE225845,GSE225845,48.0,46.46041143699762
204425700062_R03C01_GSE225845,GSE225845,41.0,39.64029630834534
204425700062_R02C01_GSE225845,GSE225845,48.0,40.11829449516987
204425710061_R04C01_GSE225845,GSE225845,51.0,47.10162041855503
204425700062_R05C01_GSE225845,GSE225845,49.0,46.61200073788278
204425700062_R06C01_GSE225845,GSE225845,38.0,40.02230162614193
205061420085_R08C01_GSE225845,GSE225845,33.0,32.53277289718497
205061400105_R01C01_GSE225845,GSE225845,50.0,44.078411876803486
205061400105_R02C01_GSE225845,GSE225845,43.0,38.00345801617819
204425700062_R07C01_GSE225845,GSE225845,33.0,29.2151168749848
205624900126_R04C01_GSE225845,GSE225845,82.0,69.36400989423191
205624900126_R05C01_GSE225845,GSE225845,30.0,34.233498136510335
205624900126_R06C01_GSE225845,GSE225845,51.0,46.737185450604414
205624900126_R07C01_GSE225845,GSE225845,70.0,68.60866822677015
205624900126_R08C01_GSE225845,GSE225845,43.0,44.76487906879531
205061400105_R03C01_GSE225845,GSE225845,39.0,41.566412681803484
205624900132_R01C01_GSE225845,GSE225845,60.0,61.244805983634514
205061400105_R04C01_GSE225845,GSE225845,34.0,34.388301783703724
205624900132_R02C01_GSE225845,GSE225845,41.0,44.61982908850493
205624900132_R03C01_GSE225845,GSE225845,21.0,28.217600074158014
204425700062_R08C01_GSE225845,GSE225845,59.0,53.58964548431392
204425710073_R01C01_GSE225845,GSE225845,38.0,33.766192274107695
204425710073_R02C01_GSE225845,GSE225845,39.0,35.563667872072564
204425710042_R03C01_GSE225845,GSE225845,38.0,37.098443313957375
204425710073_R03C01_GSE225845,GSE225845,57.0,51.51570322211201
205624900132_R04C01_GSE225845,GSE225845,21.0,20.569639185296754
205624900132_R05C01_GSE225845,GSE225845,84.0,79.6060179776231
204425710073_R04C01_GSE225845,GSE225845,39.0,37.474717407155076
205061400105_R05C01_GSE225845,GSE225845,37.0,35.34354618934016
205624900132_R06C01_GSE225845,GSE225845,58.0,53.56263584526294
204425710073_R05C01_GSE225845,GSE225845,49.0,53.435769856410566
205061400105_R06C01_GSE225845,GSE225845,42.0,39.112856649020216
205061400105_R07C01_GSE225845,GSE225845,36.0,38.40715925108537
205624900132_R07C01_GSE225845,GSE225845,47.0,46.457453071557076
204425710073_R06C01_GSE225845,GSE225845,44.0,40.91310285339994
205624900132_R08C01_GSE225845,GSE225845,75.0,68.64951901655434
205624900142_R01C01_GSE225845,GSE225845,45.0,40.452097047718695
205624900142_R02C01_GSE225845,GSE225845,42.0,49.5931935032041
205624900142_R03C01_GSE225845,GSE225845,84.0,67.72045757797521
205624900142_R04C01_GSE225845,GSE225845,52.0,54.186341249447906
204425710073_R07C01_GSE225845,GSE225845,42.0,42.58626106922046
205624900142_R05C01_GSE225845,GSE225845,37.0,35.212125588548574
204425710073_R08C01_GSE225845,GSE225845,34.0,35.10912115335983
205624900142_R06C01_GSE225845,GSE225845,63.0,58.078382181498185
205624900142_R07C01_GSE225845,GSE225845,47.0,45.31020918741703
205624900142_R08C01_GSE225845,GSE225845,48.0,42.06406040149172
205624900143_R01C01_GSE225845,GSE225845,40.0,35.79024345597175
205624900143_R02C01_GSE225845,GSE225845,18.0,16.83987210265562
205624900143_R03C01_GSE225845,GSE225845,21.0,27.165927442609892
205624900143_R04C01_GSE225845,GSE225845,50.0,49.263594927397165
205624900143_R05C01_GSE225845,GSE225845,18.0,16.30112372373827
205061420039_R02C01_GSE225845,GSE225845,57.0,46.95585791992311
101032610054_R01C01_GSE101961,GSE101961,18.0,21.184371474187607
101032610054_R01C02_GSE101961,GSE101961,30.0,33.05628507466742
101032610054_R02C01_GSE101961,GSE101961,24.0,24.67563872408548
101032610054_R02C02_GSE101961,GSE101961,19.0,20.249391107505666
101032610054_R04C01_GSE101961,GSE101961,52.0,51.90581827000583
101032610054_R04C02_GSE101961,GSE101961,33.0,31.586023991849665
101032610054_R05C01_GSE101961,GSE101961,20.0,20.608924126070335
101032610054_R05C02_GSE101961,GSE101961,26.0,29.94891223883183
101032610054_R06C01_GSE101961,GSE101961,45.0,53.73704492853893
101032610118_R01C01_GSE101961,GSE101961,55.0,55.874427230390374
101032610118_R01C02_GSE101961,GSE101961,76.0,70.10601914935768
101032610118_R02C01_GSE101961,GSE101961,27.0,30.97107704891686
101032610118_R02C02_GSE101961,GSE101961,45.0,49.85488631511513
101032610118_R03C01_GSE101961,GSE101961,46.0,45.51015367421713
101032610118_R03C02_GSE101961,GSE101961,48.0,46.877093163181655
101032610118_R04C01_GSE101961,GSE101961,56.0,64.25069746847848
101032610118_R04C02_GSE101961,GSE101961,33.0,36.69785159670143
101032610118_R05C01_GSE101961,GSE101961,42.0,44.953340223855385
101032610118_R05C02_GSE101961,GSE101961,28.0,31.93256622748295
101032610118_R06C01_GSE101961,GSE101961,43.0,43.72454220985619
101032610118_R06C02_GSE101961,GSE101961,41.0,41.57386668724976
101274800034_R01C01_GSE101961,GSE101961,25.0,32.112503454631295
101274800034_R01C02_GSE101961,GSE101961,39.0,41.95482447954304
101274800034_R02C02_GSE101961,GSE101961,37.0,42.55947824950631
101274800034_R03C01_GSE101961,GSE101961,36.0,37.35831578413867
101274800034_R03C02_GSE101961,GSE101961,36.0,38.58575486808281
101274800034_R04C01_GSE101961,GSE101961,42.0,31.640383130839766
101274800034_R04C02_GSE101961,GSE101961,25.0,20.939735163855083
101274800034_R05C01_GSE101961,GSE101961,25.0,43.36200791857784
101274800034_R05C02_GSE101961,GSE101961,33.0,41.726016346671805
101274800034_R06C01_GSE101961,GSE101961,50.0,49.981077200899634
101274800034_R06C02_GSE101961,GSE101961,21.0,19.986482101418268
101274800036_R01C01_GSE101961,GSE101961,45.0,45.7645435266274
101274800036_R01C02_GSE101961,GSE101961,29.0,33.697775789727864
101274800036_R02C01_GSE101961,GSE101961,56.0,61.16166942782986
101274800036_R02C02_GSE101961,GSE101961,49.0,49.91635583397609
101274800036_R03C02_GSE101961,GSE101961,47.0,46.62533064874859
101274800036_R04C01_GSE101961,GSE101961,48.0,51.092652235034414
101274800036_R04C02_GSE101961,GSE101961,25.0,32.51028055432784
101274800036_R06C01_GSE101961,GSE101961,31.0,37.978098655704066
6055432002_R01C01_GSE101961,GSE101961,31.0,33.615290898885995
6055432002_R03C01_GSE101961,GSE101961,31.0,37.18978514670028
6055432002_R03C02_GSE101961,GSE101961,37.0,37.15907763982722
6055432002_R06C01_GSE101961,GSE101961,24.0,25.728022613381434
6055432002_R06C02_GSE101961,GSE101961,53.0,54.96420222088309
6055432004_R03C02_GSE101961,GSE101961,37.0,39.37100224926373
6055432004_R04C02_GSE101961,GSE101961,54.0,55.519641633430474
6055432004_R05C02_GSE101961,GSE101961,64.0,57.38544449110511
6055432007_R01C02_GSE101961,GSE101961,27.0,30.131766383125893
6055432007_R02C02_GSE101961,GSE101961,30.0,34.62284504560207
6055432007_R06C02_GSE101961,GSE101961,18.0,50.076160156636256
6055432010_R02C02_GSE101961,GSE101961,40.0,44.174251786496946
6055432010_R04C02_GSE101961,GSE101961,36.0,35.16780386767578
6055432010_R05C02_GSE101961,GSE101961,48.0,44.03940385437672
6055432013_R02C01_GSE101961,GSE101961,38.0,38.450710888948066
6055432013_R02C02_GSE101961,GSE101961,31.0,34.668602078533915
6055432016_R01C02_GSE101961,GSE101961,53.0,50.59181308432722
6055432016_R02C01_GSE101961,GSE101961,29.0,33.22507435535311
6055432016_R03C01_GSE101961,GSE101961,28.0,29.84472541413068
6055432016_R04C02_GSE101961,GSE101961,49.0,45.987076217924745
6055432017_R03C01_GSE101961,GSE101961,41.0,36.35489839928568
6055432017_R05C02_GSE101961,GSE101961,53.0,51.98567916705884
6055432017_R06C02_GSE101961,GSE101961,52.0,54.065034332076785
6055432019_R02C01_GSE101961,GSE101961,39.0,44.341857135098714
6055432019_R04C01_GSE101961,GSE101961,47.0,55.17204936202723
6055432019_R05C02_GSE101961,GSE101961,62.0,63.503285014464645
6055432020_R05C01_GSE101961,GSE101961,25.0,28.42817511183334
6055432020_R05C02_GSE101961,GSE101961,38.0,41.43350901665839
6055432025_R01C02_GSE101961,GSE101961,40.0,38.58862222033455
6055432025_R03C01_GSE101961,GSE101961,51.0,53.533441164582605
6055432025_R04C01_GSE101961,GSE101961,35.0,39.418212445676765
6055432025_R05C02_GSE101961,GSE101961,43.0,41.86570090338892
6055432028_R02C01_GSE101961,GSE101961,60.0,64.29861383788008
6055432028_R03C02_GSE101961,GSE101961,23.0,24.30110416218664
6055432028_R06C01_GSE101961,GSE101961,22.0,15.106149280686665
6055432030_R02C01_GSE101961,GSE101961,43.0,44.85716901797606
6055432030_R03C02_GSE101961,GSE101961,38.0,42.40401696227173
6055432030_R05C02_GSE101961,GSE101961,17.0,21.159099259468775
6055432032_R02C02_GSE101961,GSE101961,39.0,40.24097920996185
6055432032_R03C02_GSE101961,GSE101961,31.0,29.3275410525428
6055432032_R05C01_GSE101961,GSE101961,50.0,50.279676442107345
6055432033_R02C01_GSE101961,GSE101961,26.0,29.864450599908587
6055432033_R02C02_GSE101961,GSE101961,22.0,29.238115627842546
6055432033_R03C01_GSE101961,GSE101961,35.0,50.287298045924665
6055432041_R01C02_GSE101961,GSE101961,33.0,38.2667346228697
6055432041_R02C01_GSE101961,GSE101961,48.0,47.68626738416038
6055432041_R02C02_GSE101961,GSE101961,30.0,36.07798059087766
6055432041_R03C01_GSE101961,GSE101961,22.0,27.676351317815524
6055432041_R03C02_GSE101961,GSE101961,57.0,59.99744502883025
6055432041_R04C02_GSE101961,GSE101961,40.0,45.823960750112995
6055432042_R02C01_GSE101961,GSE101961,35.0,39.786803125568674
6055432042_R06C01_GSE101961,GSE101961,31.0,39.409957923389044
6055432045_R04C01_GSE101961,GSE101961,49.0,56.57638982371626
6055432045_R05C02_GSE101961,GSE101961,41.0,34.70474698032769
6055432045_R06C01_GSE101961,GSE101961,29.0,30.993351678587224
6055432052_R01C02_GSE101961,GSE101961,58.0,53.45901610161753
6055432052_R02C01_GSE101961,GSE101961,21.0,15.008975380747305
6055432052_R06C02_GSE101961,GSE101961,29.0,26.26918071201569
6055432053_R02C01_GSE101961,GSE101961,20.0,23.968958442997497
6055432053_R02C02_GSE101961,GSE101961,55.0,52.21389202554189
6055432053_R04C02_GSE101961,GSE101961,38.0,42.184064815359356
6055432053_R06C01_GSE101961,GSE101961,26.0,24.716035828087833
6055432059_R01C02_GSE101961,GSE101961,47.0,47.81915489420878
6055432059_R03C02_GSE101961,GSE101961,55.0,54.23237298582462
6055432059_R05C01_GSE101961,GSE101961,17.0,18.09779854209876
6055432059_R06C01_GSE101961,GSE101961,37.0,39.794494953740895
6055432061_R02C01_GSE101961,GSE101961,41.0,44.434144618998396
6055432061_R02C02_GSE101961,GSE101961,35.0,31.836184670330006
6055432061_R03C01_GSE101961,GSE101961,50.0,49.98830318278218
6055432061_R04C01_GSE101961,GSE101961,34.0,37.66203333865788
6055432064_R02C02_GSE101961,GSE101961,50.0,60.31895784468747
6055432064_R03C01_GSE101961,GSE101961,44.0,46.23355663855209
6055432064_R03C02_GSE101961,GSE101961,28.0,31.512955240590536
6055432064_R06C01_GSE101961,GSE101961,48.0,49.438128676663716
6055432064_R06C02_GSE101961,GSE101961,23.0,19.808467927639132
6055432070_R04C01_GSE101961,GSE101961,45.0,46.21624121535752
6055432070_R05C02_GSE101961,GSE101961,25.0,22.184770464459426
6055432073_R05C01_GSE101961,GSE101961,54.0,54.6357163146478
6055432073_R05C02_GSE101961,GSE101961,55.0,54.928443246565784
6055432073_R06C01_GSE101961,GSE101961,29.0,28.96318676697647
6055432073_R06C02_GSE101961,GSE101961,51.0,49.476428686669266
4_GSE108213,GSE108213,68.0,64.8260733533523
23_GSE108213,GSE108213,42.0,41.32093645829245
25_GSE108213,GSE108213,54.0,51.438562469185115
36_GSE108213,GSE108213,62.0,57.836783210454115
37_GSE108213,GSE108213,64.0,56.501509421167995
49_GSE108213,GSE108213,61.0,57.352056737314825
54_GSE108213,GSE108213,49.0,49.12049350958379
61_GSE108213,GSE108213,58.0,55.12150591869846
GSM2350679_GSE88883,GSE88883,43.0,39.62044326379101
GSM2350680_GSE88883,GSE88883,30.0,32.751929348837336
GSM2350681_GSE88883,GSE88883,42.0,41.869492426623154
GSM2350682_GSE88883,GSE88883,41.0,38.89273917998504
GSM2350683_GSE88883,GSE88883,40.0,33.926404563432754
GSM2350684_GSE88883,GSE88883,47.0,45.394130045993194
GSM2350685_GSE88883,GSE88883,46.0,46.02553521093894
GSM2350686_GSE88883,GSE88883,20.0,22.790385969642344
GSM2350687_GSE88883,GSE88883,43.0,42.0663617904391
GSM2350688_GSE88883,GSE88883,37.0,36.0599446301253
GSM2350689_GSE88883,GSE88883,37.0,43.670505723716296
GSM2350690_GSE88883,GSE88883,45.0,45.21769315881888
GSM2350691_GSE88883,GSE88883,39.0,36.87408240070089
GSM2350692_GSE88883,GSE88883,26.0,29.83852653904634
GSM2350693_GSE88883,GSE88883,31.0,32.154482030491344
GSM2350694_GSE88883,GSE88883,50.0,49.20075729378796
GSM2350695_GSE88883,GSE88883,40.0,39.93691023367428
GSM2350696_GSE88883,GSE88883,61.0,58.76602552296498
GSM2350697_GSE88883,GSE88883,19.0,19.732728130030427
GSM2350698_GSE88883,GSE88883,36.0,40.45170740885811
GSM2350699_GSE88883,GSE88883,38.0,41.19641271242197
GSM2350700_GSE88883,GSE88883,32.0,35.72023000334427
GSM2350701_GSE88883,GSE88883,28.0,30.092876698740454
GSM2350702_GSE88883,GSE88883,40.0,37.9759551926525
GSM2350703_GSE88883,GSE88883,65.0,64.0322923449672
GSM2350704_GSE88883,GSE88883,55.0,54.315591238130615
GSM2350705_GSE88883,GSE88883,42.0,43.61659372963741
GSM2350706_GSE88883,GSE88883,39.0,42.21121648099118
GSM2350707_GSE88883,GSE88883,25.0,27.067481251060677
GSM2350708_GSE88883,GSE88883,26.0,33.264142330538796
GSM2350709_GSE88883,GSE88883,42.0,44.3538995562346
GSM2350710_GSE88883,GSE88883,24.0,23.971454220965615
GSM2350711_GSE88883,GSE88883,37.0,35.652287085243614
GSM2350712_GSE88883,GSE88883,34.0,40.735583497689845
GSM2350713_GSE88883,GSE88883,35.0,36.19440170246619
GSM2350714_GSE88883,GSE88883,39.0,41.4289882466617
GSM2350715_GSE88883,GSE88883,33.0,33.217782652844484
GSM2350716_GSE88883,GSE88883,38.0,44.88946174718561
GSM2350717_GSE88883,GSE88883,41.0,40.38813666875363
GSM2350718_GSE88883,GSE88883,50.0,45.785693231149104
GSM2350719_GSE88883,GSE88883,35.0,38.26163643224534
GSM2350720_GSE88883,GSE88883,27.0,31.641755364308935
GSM2350721_GSE88883,GSE88883,28.0,28.862542671265217
GSM2350722_GSE88883,GSE88883,46.0,45.10054122822569
GSM2350723_GSE88883,GSE88883,28.0,33.84354237560294
GSM2350724_GSE88883,GSE88883,33.0,35.71110138234523
GSM2350725_GSE88883,GSE88883,22.0,30.510489097336837
GSM2350726_GSE88883,GSE88883,21.0,24.74145969528368
GSM2350727_GSE88883,GSE88883,51.0,51.31511562801178
GSM2350728_GSE88883,GSE88883,24.0,26.565414384773277
GSM2350729_GSE88883,GSE88883,26.0,35.78793131222598
GSM2350730_GSE88883,GSE88883,21.0,18.678588921613578
GSM2350731_GSE88883,GSE88883,34.0,34.96904658442603
GSM2350732_GSE88883,GSE88883,21.0,25.742054738899988
GSM2350733_GSE88883,GSE88883,19.0,20.737998059850966
GSM2350734_GSE88883,GSE88883,44.0,48.79619458050572
GSM2350735_GSE88883,GSE88883,39.0,44.5289374665541
GSM2350736_GSE88883,GSE88883,18.0,19.90337099531098
GSM2350737_GSE88883,GSE88883,50.0,50.97955589912641
GSM2350738_GSE88883,GSE88883,47.0,47.747479440755
GSM2350739_GSE88883,GSE88883,19.0,17.20931568424555
GSM2350740_GSE88883,GSE88883,22.0,23.984520606963986
GSM2350741_GSE88883,GSE88883,22.0,27.274158462554084
GSM2350742_GSE88883,GSE88883,32.0,32.48226778194285
GSM2350743_GSE88883,GSE88883,30.0,33.641100918357026
GSM2350744_GSE88883,GSE88883,27.0,28.127167395322914
GSM2350745_GSE88883,GSE88883,57.0,57.3339748289216
GSM2350746_GSE88883,GSE88883,69.0,59.09732970582034
GSM2350747_GSE88883,GSE88883,20.0,24.827954593285927
GSM2350748_GSE88883,GSE88883,49.0,49.86624661728016
GSM2350749_GSE88883,GSE88883,30.0,30.55340618907337
GSM2350750_GSE88883,GSE88883,22.0,27.373502785561037
GSM2350751_GSE88883,GSE88883,20.0,21.75023087536676
GSM2350752_GSE88883,GSE88883,20.0,24.195736182012965
GSM2350753_GSE88883,GSE88883,19.0,20.900690379140975
GSM2350754_GSE88883,GSE88883,22.0,27.922374567319324
GSM2350755_GSE88883,GSE88883,20.0,25.293746220397942
GSM2350756_GSE88883,GSE88883,67.0,62.94193999830033
GSM2350757_GSE88883,GSE88883,20.0,19.231960428600065
GSM2350758_GSE88883,GSE88883,50.0,52.420025520042905
GSM2350759_GSE88883,GSE88883,22.0,25.91417244742526
GSM2350760_GSE88883,GSE88883,18.0,26.121415804453335
GSM2350761_GSE88883,GSE88883,32.0,36.45671806062698
GSM2350762_GSE88883,GSE88883,43.0,46.77431117847392
GSM2350763_GSE88883,GSE88883,52.0,49.307380483987004
GSM2350764_GSE88883,GSE88883,45.0,47.02836618537932
GSM2350765_GSE88883,GSE88883,59.0,59.78216220310799
GSM2350766_GSE88883,GSE88883,41.0,40.245750273184015
GSM2350767_GSE88883,GSE88883,56.0,53.07471606157484
GSM2350768_GSE88883,GSE88883,82.0,75.60096381339484
GSM2350769_GSE88883,GSE88883,69.0,70.03857875785107
GSM2350770_GSE88883,GSE88883,41.0,43.28843690640591
GSM2350771_GSE88883,GSE88883,49.0,56.17890587820684
GSM2350772_GSE88883,GSE88883,56.0,61.41811777316745
GSM2350773_GSE88883,GSE88883,48.0,46.116551934621384
GSM2350774_GSE88883,GSE88883,50.0,42.70972929624453
GSM2350775_GSE88883,GSE88883,34.0,34.52457666857933
GSM2350776_GSE88883,GSE88883,25.0,23.107960192691532
GSM2350777_GSE88883,GSE88883,42.0,44.139961684931166
GSM2350778_GSE88883,GSE88883,46.0,47.065660805359514
GSM1914651_GSE74214,GSE74214,48.0,42.765256859390206
GSM1914653_GSE74214,GSE74214,23.0,26.37943296275833
GSM1914655_GSE74214,GSE74214,15.0,18.54242797555898
GSM1914657_GSE74214,GSE74214,59.0,50.89443337219725
GSM1914659_GSE74214,GSE74214,44.0,40.46542963331503
GSM1914661_GSE74214,GSE74214,17.0,16.53026114896067
GSM1914663_GSE74214,GSE74214,80.0,57.18657088319404
GSM1914665_GSE74214,GSE74214,44.0,38.2506327594669
GSM1914667_GSE74214,GSE74214,13.0,15.892519452959263
GSM1914669_GSE74214,GSE74214,58.0,50.68483270194937
GSM1914671_GSE74214,GSE74214,58.0,43.91439763366131
GSM1914673_GSE74214,GSE74214,59.0,54.393053790936364
GSM1914675_GSE74214,GSE74214,68.0,59.742176036268475
GSM1914677_GSE74214,GSE74214,36.0,36.087336900672824
GSM1914679_GSE74214,GSE74214,70.0,59.39811373233743
GSM1914681_GSE74214,GSE74214,70.0,60.67244213847399
GSM1914683_GSE74214,GSE74214,51.0,50.358901621552924
GSM1914685_GSE74214,GSE74214,69.0,59.805765714855006
