,Coefficient,order
cg05668372,-0.02514445207435704,1
cg05279291,1.3618453727076199,1
cg03555227,3.327784099322093,1
cg15110848,-0.6044185673308365,1
cg06034933,0.18954778839808215,1
cg26734668,0.6473745191335145,1
cg06385324,0.16137353678661456,1
cg08946658,-1.672044226553329,1
cg23239690,-0.10403963744272939,1
cg25410668,1.025351760326917,1
cg18861551,0.661919451347471,1
cg14808040,0.3312197607295862,1
cg01329687,1.5336682545086222,1
cg08140114,-0.7911188610844905,1
cg13043300,-0.42009380587769746,1
cg00767977,0.21698207008391507,1
cg11400761,-0.6657599615859838,1
cg19060970,2.7005408387954133,1
cg02800571,-1.1179283625381968,1
cg06707236,0.1820963809656032,1
cg07388347,1.5202520367731411,1
cg18184053,-0.9441099717964127,1
cg15420468,2.426434149329782,1
cg07992385,-1.7554481124673729,1
cg01225525,-0.1504370967213966,1
cg02732509,1.5510621538933727,1
cg18226166,-0.9814453597376699,1
cg01059704,0.0002797086939073164,1
cg13621113,-0.12054917471958985,1
cg23684204,0.5961503256763178,1
cg10625705,1.0420664339769419,1
cg17380091,-0.9858805862687938,1
cg08520742,-1.0948808824488827,1
cg17519955,0.18963036914588466,1
cg11181763,0.005255833349560759,1
cg07172885,1.2695430237841006,1
cg27658391,-0.765822405745833,1
cg21623865,1.0390280599794628,1
cg06335143,1.3895407065482188,1
cg16259931,0.7269998336145875,1
cg23854009,2.361133925060974,1
cg18603577,-0.7283344872885844,1
cg25744613,-3.3896267628616648,1
cg21555177,-0.29434657363405553,1
cg07890839,-0.4815801767542965,1
cg20371046,0.2813135940631034,1
cg11486285,0.08579933158344423,1
cg10514714,-0.011327792640842528,1
cg07126399,-0.6646810156960005,1
cg16741128,-1.075749380904296,1
cg04953238,-0.16002219720437494,1
cg27011829,-0.3718425435684771,1
cg16601415,-0.40587775740856197,1
cg01534416,0.6192866555009715,1
cg06754987,-0.9996415443275086,1
cg05279643,-0.578143608845265,1
cg10917910,0.7330664219435316,1
cg03610636,-0.11782529390279334,1
cg24645149,-0.18750522447884552,1
cg03062881,-0.33628881631774477,1
cg08161081,-1.8288651641037104,1
cg07078958,-0.6282475181089311,1
cg19937878,-0.577923510206217,1
cg22322679,0.5003560566063863,1
cg09226692,0.5511654382692077,1
cg14063191,0.9132335558272295,1
cg27179571,-0.09886644460692671,1
cg20623949,-0.6260250147410746,1
cg19574915,-0.38313026065650146,1
cg00624037,0.038887387828275534,1
cg08746496,-0.7619254294643962,1
cg14505299,-0.11781719087055213,1
cg24214260,0.1942840395323098,1
cg11650704,0.8566213591146403,1
cg03224418,-0.280685638560309,1
cg20837354,-0.7198166598869102,1
cg07908679,1.0430567577639889,1
cg05381353,-0.7075684099699289,1
cg24221373,-0.10807209368991444,1
cg09746992,-0.3936630831179433,1
cg14284211,-0.9627175318711052,1
cg10256242,-0.19465822088237822,1
cg00175153,0.47638427373241,1
cg02576440,0.13070767648414683,1
cg20915763,-0.41382204637150993,1
cg23040782,0.6438643718800833,1
cg05228359,-0.34175752823982103,1
cg03366992,-0.31830735045708936,1
cg17240133,0.8453507259237995,1
cg23123731,1.044647491083792,1
cg01410314,-0.36171417159843305,1
cg07873590,0.9265929724054096,1
cg12601909,0.1748898717092629,1
cg06993413,1.3990233168581758,1
cg01763090,1.5839371818194612,1
cg17303119,-0.5781478404141162,1
cg15571405,-0.693090705178776,1
cg20435267,1.076486937675656,1
cg11230435,-1.2048513878127822,1
cg16109680,-0.8067901923277689,1
cg26048334,0.010786268695115429,1
cg03261682,-1.3321995005194915,1
cg02049979,-0.23477050059725835,1
cg12002745,-0.6812765224441382,1
cg26451345,-1.3266853296678607,1
cg08770761,1.140278676223304,1
cg10403251,-0.5200410118242693,1
cg07177395,-1.5083644178193407,1
cg17490283,-0.3948582854656344,1
cg23575858,0.8921979277411167,1
cg03041738,-0.6360705156150382,1
cg03755158,-0.6864935642957436,1
cg21548950,-0.049640699482133295,1
cg07593205,-0.3340401241544114,1
cg23396732,0.561698029540102,1
cg11654118,0.7950999449837574,1
cg23793397,0.25437964665736734,1
cg02464551,0.7887088481031388,1
cg26638341,-0.06429724389546389,1
cg17861206,-1.0051548790578089,1
cg10138044,-0.049114968562646195,1
cg23796243,0.2586877979093833,1
cg05641048,-1.2808806397913228,1
cg26247373,-0.27450209827673805,1
cg23026106,-0.011964883767876655,1
cg14112635,0.32502261208874483,1
cg16262215,-0.1840997260728135,1
cg20121753,1.4450646248504122,1
cg14676592,2.883262330726468,1
cg00394316,0.7687388216431077,1
cg23998119,0.7229758337431248,1
cg04622775,-0.07403092018591721,1
cg08715791,0.11591686036728484,1
cg12682367,-0.08589825946815449,1
cg17161718,-0.4669213508715402,1
cg25614364,-0.18305700003405664,1
cg14480507,-1.362563889923691,1
cg06539449,-0.517999569639324,1
cg05540369,0.4020533387638539,1
cg11071401,4.606318429001084,1
cg16143325,-1.3369156803740043,1
cg00208967,-1.775288004119559,1
cg10812186,-0.1821148724675973,1
cg00944304,-1.5100526797069502,1
cg22016859,0.4261572906259458,1
cg19065831,-0.033488061643992824,1
cg04658615,0.02700117904185495,1
cg03370704,-1.982098613619428,1
cg23674189,0.04765121003774083,1
cg21883293,-0.32204467390543784,1
cg10200001,-0.2426993561405933,1
cg26746936,-0.4297680807075102,1
cg27294168,-0.010584981127897894,1
cg21567504,-0.1810401793829053,1
cg10574861,-1.2735732075350743,1
cg15288779,1.3434526461036618,1
cg05364179,0.7692582377782685,1
cg03661324,0.155922510602405,1
cg04895329,-0.06086034888960348,1
cg16867657,7.547466166500854,1
cg10016004,0.04361315685263753,1
cg04741211,-0.6427334678889728,1
cg16033151,-2.55506706693153,1
cg00092518,0.8466330616707768,1
cg20430101,-0.3277718435665992,1
cg01140247,-0.2250790410515303,1
cg08869700,0.22933185066766762,1
cg16969368,0.34867767219943435,1
cg25317233,-0.5968621684220842,1
cg17866044,-0.004632003544781371,1
cg22834443,-0.2846810892990283,1
cg06661988,0.26760722641371987,1
cg20689661,-1.2848063407353931,1
cg24143374,-1.4672701827387307,1
cg04566359,0.3679681645309858,1
cg20542619,-0.45752067964091037,1
cg21787249,-1.6056200374231544,1
cg15330654,-0.15234984661038073,1
cg20082096,-0.02102997615612411,1
cg01693650,0.6813829577566395,1
cg04885315,-1.552259842459976,1
cg07788865,-1.4405453665747583,1
cg07914282,0.1974720723658691,1
cg21241823,0.21133911649350184,1
cg06219337,-0.10012561571754207,1
cg00593900,0.7212578331421128,1
cg03485840,-0.6116501405773188,1
cg13221796,-0.4889637649323033,1
cg18086520,-0.2394997272082015,1
cg18784113,-0.2562863790688617,1
cg21801378,0.04946360054413642,1
cg02858808,-0.8317297286868862,1
cg27180671,-2.282643559293668,1
cg03458957,-0.7452995236828807,1
cg05555455,0.5521717866109815,1
cg03092482,-0.2548651364784933,1
cg10569694,0.6498158910760854,1
cg17015340,0.07305758427607328,1
cg23586440,-0.5903858912066593,1
cg11463380,-1.0159575586567342,1
cg01554316,-0.422889072545984,1
cg14911690,0.04544446187223404,1
cg05939560,-0.07048328928690639,1
cg17566735,-2.234425521581803,1
cg14006905,-0.6931203927456151,1
cg02413040,-0.7218461435056003,1
cg00028336,-0.8452547603841367,1
cg17753124,0.33287241399364637,1
cg05890243,-0.5457219279406078,1
cg00584026,-0.5843686470537047,1
cg23027580,1.0487089598899682,1
cg04017672,-0.048962383452694345,1
cg00360610,-0.48703480636137036,1
cg08904363,1.6044089612451056,1
cg00533390,1.2261630387700968,1
cg26005232,0.040595998735946916,1
cg04845871,-1.7287565284239506,1
cg10784519,-0.2337435653124192,1
cg03140135,-1.0432121517453308,1
cg15965383,-0.08983348455649641,1
cg07066898,1.0812267695645739,1
cg11868461,0.045498045062464194,1
cg02458141,-0.9406819963113229,1
cg02902637,-0.1652543250960632,1
cg03032497,2.0003195634406925,1
cg24854681,-0.5896995396780573,1
cg02272851,-1.4477283828319867,1
cg26517584,0.11268666411887739,1
cg14848772,1.5587200001371284,1
cg04645070,-1.8156482015302207,1
cg03030419,0.34236657986501756,1
cg11601336,-0.91417541498817,1
cg02320937,0.6564919676656228,1
cg01019875,1.4630462201342636,1
cg16886882,0.6249641444830125,1
cg01346152,-0.16028432237865972,1
cg02189888,0.5328624721648207,1
cg06212670,1.1526972582952484,1
cg26195652,-1.2183760698431085,1
cg12813724,0.0052465463710351405,1
cg05529123,0.5430903964471999,1
cg01868791,0.32968802234056194,1
cg22705929,-0.22653995425784207,1
cg00937359,-0.015032426620750702,1
cg18541042,-0.01710139350223799,1
cg01456989,0.33950345950292593,1
cg01459453,-0.6199851387927048,1
cg26548187,0.418469440125029,1
cg14349862,0.4091074598682874,1
cg05640322,0.26494180602816864,1
cg14936266,-0.2806706048402367,1
cg02076607,0.36176308904095755,1
cg03476109,-2.468549448890286,1
cg08900043,0.3036004656868967,1
cg03649284,0.1929048447449948,1
cg06121469,0.9924872204023988,1
cg17284536,0.13683246009934186,1
cg24315421,-0.07420266474410855,1
cg01200264,0.42681111173701963,1
cg26522319,1.4645290201363774,1
cg01010923,-0.6251480213327995,1
cg02839351,-1.2602414334321215,1
cg00590036,0.8633590305668688,1
cg12977135,1.4652334500772313,1
cg26921969,1.9849291390217267,1
cg02243665,-0.5062949475097187,1
cg19465320,-0.16508054837634936,1
cg24703533,-0.10213130006968933,1
cg12428326,-0.6375217189102783,1
cg01214340,0.2002429746553753,1
cg04712895,0.7718100330205894,1
cg09746086,-0.0575985682890822,1
cg14614689,0.6843571634146308,1
cg04782470,0.4928578223651799,1
cg00630781,-0.21798146634582757,1
cg15858166,0.07519655768756114,1
cg12850242,1.832013981819857,1
cg19908207,-1.3360657463257388,1
cg01431482,-0.38206723891612343,1
cg21746711,-0.6197795279823382,1
cg06201717,0.4045483910583263,1
cg11435167,0.2617960757327468,1
cg03328388,-1.0750173140087298,1
cg25018951,0.3685511637200534,1
cg01912040,3.3811240910503346,1
cg22736354,5.264631830201601,1
cg15349474,-0.19031202152929627,1
cg05247391,0.7361119736201778,1
cg10234511,-0.28433402768790283,1
cg24042452,0.6479586017099703,1
cg14384960,0.27373199136518317,1
cg09790270,-0.6610366221959256,1
cg23885131,-0.2118158121572309,1
cg16668397,-0.24400286412695996,1
cg04304687,-0.6803818867608596,1
cg14755066,1.2376610727846422,1
cg18206296,-0.06755008735801876,1
cg17729253,-0.720199592490823,1
cg12265959,0.40692436583795305,1
cg03614916,-1.122570572528134,1
cg04437845,-0.40996499274316456,1
cg15243542,-2.2484391009541405,1
cg22654656,-0.838374263606105,1
cg12667002,-0.03881330079562218,1
cg11553687,-0.7021538816144441,1
cg05537316,-0.31338919753628547,1
cg14215338,0.4045077145242241,1
cg06100618,0.6719962228344477,1
cg05031424,-0.5059195795527529,1
cg15507449,0.4342533557677308,1
cg07654588,-0.6091067764436685,1
cg07121644,-0.017007701145636354,1
cg00170714,-1.02843125818071,1
cg24150153,-1.0349861712859767,1
cg09900266,-0.15728869161719536,1
cg04286438,-1.031795120301725,1
cg25478614,2.4471109498591503,1
cg22040823,-0.3542823954690386,1
cg04212239,1.594360248820202,1
cg09228402,-1.3482311802578488,1
cg09197332,-0.9053826587482818,1
cg27019093,-0.33899590915245514,1
cg09673570,0.10147985085280804,1
cg08795515,-0.4171851086758831,1
cg02331561,2.857705412058252,1
cg00997798,-0.10074340464638758,1
cg13309461,1.1025100013082263,1
cg19431495,-0.0827036947413024,1
cg11938367,-0.4169863318559149,1
cg13324128,-0.3372633852034399,1
cg01649611,-0.7093728138242027,1
cg00822157,0.0461965266995562,1
cg27486786,-0.0030027347444653647,1
cg00167158,-0.3959178882849493,1
cg24052417,0.16401961882208535,1
cg14043774,-0.22640308421335933,1
cg08322244,2.1346257683371648,1
cg00066663,-1.0724829800486317,1
cg12031740,-0.44086277267722085,1
cg15995695,0.23924225277429437,1
cg19473653,0.10117065672340537,1
cg26028489,1.4006629915273674,1
cg08730747,0.42578792185949194,1
cg08509270,-0.13095379766339282,1
cg13096351,-0.8373254844699006,1
cg19399220,0.7583814079324652,1
cg17882322,-0.08179834842105115,1
cg05239956,0.12985135040770318,1
cg22920873,-0.37369273452070806,1
cg17265115,-1.0947414609916917,1
cg08709013,0.43441722475830885,1
cg00059161,-0.051907876759142685,1
cg03526142,1.0354290471581897,1
cg04177015,-1.7465518881326538,1
cg05903736,-0.3366324213760724,1
cg11846559,2.207181511114747,1
cg16946687,0.599283645863056,1
cg04322596,-0.33735803461018726,1
cg25507001,-0.3562793583103902,1
cg20761322,1.2646254058211135,1
cg06226384,0.4505202146634889,1
cg10475014,-0.5547419027671895,1
cg26013733,-0.5713899707309936,1
cg24873171,-0.21829901765000181,1
cg03465682,-1.060358417826873,1
cg06639320,1.8941486592906516,1
cg24960149,-0.5098392200274741,1
cg05222243,-0.33162978053910497,1
cg02993699,0.7607910256955707,1
cg05638500,-0.9783658765508725,1
cg24724428,4.7881383472531915,1
cg20382028,-0.6383018995318278,1
cg03545227,1.3561178364997108,1
cg07194321,-0.018395497855865854,1
cg15706539,-0.0432482857255245,1
cg19291355,0.1966172281815418,1
cg20518446,-0.46610521551875017,1
cg10703619,-1.0526702005466835,1
cg01573562,-0.3630828219144246,1
cg14431361,-0.9628152850734506,1
cg06922393,-1.0039229949177402,1
cg24888989,1.4841669965335476,1
cg01386314,0.9258180827429314,1
cg24752354,-0.6750374083786502,1
cg18468088,2.0288586079655904,1
cg06340161,0.06878048149710979,1
cg13575161,0.4116660703696252,1
cg09650907,-2.1091326786773217,1
cg05133814,-0.6626549283073732,1
cg04511702,-0.13271317625873205,1
cg15677364,0.21520455838868288,1
cg04477005,0.0693786738553101,1
cg21236182,0.17539416068171915,1
cg10548492,0.48571624035944677,1
cg14674720,1.6841780560761344,1
cg09445967,-0.7044105415681732,1
cg16373176,-0.19575558374647867,1
cg04137576,-0.5145553818633404,1
cg20312457,2.3932677146624086,1
cg07798602,-0.45512173694816416,1
cg23193410,0.8372132909047093,1
cg23193759,1.7392859336708377,1
cg01272428,-0.4431270549327016,1
cg03341233,-1.9486956839150746,1
cg03880722,-0.08304139300984192,1
cg06413794,-0.598632537059212,1
cg10030624,-0.1055828849486929,1
cg07122805,1.6514366718358753,1
cg22548551,0.3554158007136213,1
cg17243289,2.3593555080088144,1
cg04920474,0.6102324282400398,1
cg03495084,-0.7400081153169005,1
cg00878605,-0.24855085840323446,1
cg20953047,-1.0006520937034284,1
cg00702638,2.6822753527872827,1
cg07032866,-0.13053121500420184,1
cg20234855,0.17929427594296898,1
cg20666186,-0.11191304619949381,1
cg18234606,-0.04145006596486779,1
cg09423181,-0.45680246897221755,1
cg19308436,-0.6287778670764792,1
cg11385003,-0.24434629279831913,1
cg07040680,-0.21071190438661314,1
cg09665406,1.1674080818138708,1
cg23493018,-0.5032526188307439,1
cg14959707,-0.8266745793087167,1
cg06621425,-0.6595182071504034,1
cg04528819,-0.5761632341949846,1
cg04241863,1.4515247387382868,1
cg06030846,-0.9829613766748602,1
cg23750206,0.529972685209946,1
cg07099121,-0.009034578230014398,1
cg27665659,0.9200403318118774,1
cg03649060,0.00040855195502285393,1
cg22212250,0.2600234016051766,1
cg03319887,-0.23637042522339477,1
cg14044216,0.5588279564220535,1
cg05708550,1.3000740003383948,1
cg01644850,0.7040786255104743,1
cg03499675,-0.4819318135798151,1
cg14590214,-0.5497528368086192,1
cg12100751,0.06761919380949244,1
cg03553786,2.4064662081519788,1
cg23156348,0.582129909958207,1
cg27320127,1.3460805827495013,1
cg27025722,-0.31328493078203246,1
cg09864457,0.12084806852023376,1
cg08677954,0.24328041659636668,1
cg09965388,-0.2971976869606507,1
cg04256466,0.5790315405266385,1
cg02128483,0.36136048656838937,1
cg08143197,0.15303799198082615,1
cg23259527,-0.37190846255747806,1
cg08318076,0.938805595551824,1
cg07477282,1.1184784739822335,1
cg02932314,0.13307888379566146,1
cg14652095,-0.22341141280008578,1
cg10583997,1.2363503613932123,1
cg07461273,0.014868533726154992,1
cg10109146,-2.031422673594186,1
cg10548038,0.03589641606008748,1
cg11359984,1.3818818861703566,1
cg08739115,-1.4030327553368798,1
cg12528835,-0.7725665452070661,1
cg06042156,-0.05104394263038699,1
cg00740914,-0.07130148877978505,1
cg12051116,-0.48194226438294163,1
cg11229185,2.7011725616557305,1
cg27338302,0.21857554292868273,1
cg22455720,-1.8970509495716406,1
cg03036557,3.530478615779047,1
cg19055803,0.0359921511600826,1
cg25636481,-0.05823269607295619,1
cg18254586,-0.3185398639054442,1
cg26876834,0.673967584306053,1
cg12373771,1.0500003697314,1
cg10532980,0.20233390464980278,1
cg16012294,-1.2077971215388346,1
cg17137307,-0.14415765111891687,1
cg20706495,-0.5954974080128945,1
cg20502006,0.5992665693661696,1
cg20692569,1.4041109985373406,1
cg06062998,-0.5687183687736465,1
cg18493314,-0.6837621955738438,1
cg01939535,0.2787835492957002,1
cg09548403,-0.5132777668598543,1
cg02091185,1.171709110246646,1
cg18240400,0.0154014174897374,1
cg07155013,-0.2721904664932811,1
cg02159381,-0.4926837609529399,1
cg13554878,0.14005805111181416,1
cg26413730,0.05216451873719451,1
cg08622677,0.7514106730241311,1
cg16374343,-0.43204141710743144,1
cg01512113,-2.006220380910882,1
cg25879062,-0.13068184925944515,1
cg00059225,0.35647719476942646,1
cg08541518,1.280748741005086,1
cg14064148,0.7158957115007935,1
cg15563355,1.0533096205391728,1
cg22629266,0.019172194792635232,1
cg14633456,1.6735212761677951,1
cg13970540,-0.4185699708472948,1
cg17110586,0.6642983054174423,1
cg15061025,1.0723251631787982,1
cg20161965,-0.08764403437770081,1
cg22599122,0.33238260262022384,1
cg04094193,2.308425121371784,1
cg25004441,-0.8152574432579811,1
cg24900244,-0.043450538231503584,1
cg00532335,-0.6880786301009241,1
cg09135913,-1.1786391604706772,1
cg03661054,-0.4212591279062154,1
cg03250779,-0.3794480726344042,1
cg04684267,1.905970678808829,1
cg26956371,0.6081938074937286,1
cg15393490,-1.9321310412696033,1
cg11614451,1.1038012514121502,1
cg02865822,-0.7818768819664479,1
cg19031565,0.7553954292109197,1
cg00601711,0.23115191592205964,1
cg07209977,-1.2553156034565283,1
cg16662989,0.6347359085849523,1
cg15181905,0.9584484243433935,1
cg04767507,-0.17795288265695966,1
cg15797101,0.05714350526892186,1
cg07196505,-0.5745586335836647,1
cg17328659,-0.03953737243034887,1
cg25865120,-0.5366050939003962,1
cg00906908,-1.3503049297013718,1
cg13887029,-0.4307195114679799,1
cg10350828,-0.053080942750215306,1
cg23606718,4.198296504743676,1
cg07164047,-0.3000619791531696,1
cg08209133,0.09041100246441429,1
cg13140167,-0.2189040761684881,1
cg07220152,-1.0696396828939125,1
cg26075408,0.2301609901108233,1
cg00222656,-1.269376281951484,1
cg11342615,-0.6159410928588749,1
cg16048006,-0.9457802126122333,1
cg06128028,0.10502838451235515,1
cg04880546,5.253016007628115,1
cg12514868,0.02966103515554925,1
cg04271792,0.8333697920994703,1
cg14819229,0.7747611960515186,1
cg26140475,-3.290550061936971,1
cg03855954,-0.29339817129952217,1
cg24681499,-1.3380598547691727,1
cg26546113,1.8024337534297281,1
cg24027320,2.374187187791552,1
cg07680129,-0.10805142537224291,1
cg10564791,-0.5430247946881225,1
cg11601932,4.258586382620176,1
cg22996170,-0.9766026014130337,1
cg13816999,0.09948929459274736,1
cg02929780,-0.5662185028565242,1
cg13612447,1.4294330056888007,1
cg04084157,0.6673881908785979,1
cg00853853,0.3676175945818636,1
cg13649056,0.8175594156546753,1
cg14620768,-0.10044742738438064,1
cg11064738,-0.8521988848709574,1
cg13289553,0.42314325604521635,1
cg13166781,0.11098655703621972,1
cg04614290,-0.4973155472179713,1
cg26427827,0.005684786490710722,1
cg02766482,-1.8970834425739145,1
cg14578500,-0.2813849500853591,1
cg09252214,-0.45679600758800526,1
cg24466241,1.61459007005246,1
cg09988995,-0.4461610935072222,1
cg11182160,0.1265791371887379,1
cg23483765,-1.0431467891990729,1
cg07303143,6.187042618727749,1
cg06832820,-0.516447420741198,1
cg16489193,0.5698394930940242,1
cg12678562,2.6079106375592063,1
cg25427880,1.2745645466079367,1
cg20940044,0.33067452881974224,1
cg22199118,0.5892591029097225,1
cg02383785,0.2328974188111209,1
cg18549036,0.9163840413868186,1
cg17896965,1.0811566774997534,1
cg04850875,0.25591869728990646,1
cg05061107,-1.22025957029728,1
cg05651778,0.9489509145925092,1
cg27559724,1.218076730943664,1
cg13030331,0.6599269040114301,1
cg10469507,-0.030848314245406076,1
cg26283098,-0.6992175431770007,1
cg12451155,0.053197821837408205,1
cg18244508,-0.6334751472451293,1
cg16045612,-0.11038617077607726,1
cg25246431,1.4021349990144554,1
cg04717595,-0.681864038500257,1
cg01259871,0.001969236998115032,1
cg10623221,0.021375868001582938,1
cg10947146,1.2862596058604665,1
cg02821342,-0.3074243622943431,1
cg02063846,-0.5672733856281158,1
cg23045594,0.9497859236264828,1
cg18825458,-1.6006427899087643,1
cg11075316,0.3782086048343346,1
cg25291978,-1.1332724594323091,1
cg06319762,0.5700960473569539,1
cg22233020,-0.10205789521283165,1
cg13941669,-1.131019663745789,1
cg24105287,-1.782211208926965,1
cg11048797,-0.1547070558266654,1
cg00707814,0.03953922065303769,1
cg18276125,-0.20234856087354805,1
cg20404336,0.48481703384901653,1
cg15936446,0.16437767657342792,1
cg12560772,-1.1031035439300099,1
cg13460409,0.9524909597648208,1
cg13826105,-0.6210491348852989,1
cg09623845,-0.451927974429539,1
cg24924502,-1.5281869389597371,1
cg16477091,0.4302877970477784,1
cg14555736,0.04229944439668133,1
cg18586851,0.6724751048107668,1
cg01154966,0.770954012412274,1
cg01071511,-1.6454969523927496,1
cg07342258,0.19731582287234625,1
cg03303325,-0.5104483953361086,1
cg24107453,-0.215639962903069,1
cg15611624,-0.4424821035087445,1
cg16019898,0.11582326567182485,1
cg08955995,-0.7464506631517712,1
cg21572722,3.0115763012214596,1
cg02835462,-0.3130921244041048,1
cg27523527,2.0889789905460954,1
cg00723041,-0.4828546417969448,1
cg12157377,0.2803833166003086,1
cg19526600,0.31775953309774746,1
cg14996263,-0.5303747375591732,1
cg27426151,1.2738729930916346,1
cg17514353,-0.6201981711688778,1
cg10501210,-6.559401933412246,1
cg02561802,-0.6181577540912481,1
cg06191348,-1.080799915775993,1
cg24748631,0.6935029707703674,1
cg18139195,-0.8696504138210441,1
cg11599721,0.08296235424437925,1
cg08738571,-0.09787190534859819,1
cg25405922,0.41457000672429434,1
cg20439656,0.33152435673672276,1
cg10010103,-0.8668731074456354,1
cg26806835,-0.483077806686834,1
cg06648759,1.0990630587533146,1
cg21493505,0.3824675064468273,1
cg26268968,-0.016777680173911725,1
cg08367318,0.41702253831005787,1
cg09609051,-0.1993730146068744,1
cg26360924,-0.6375747323955612,1
cg12076692,-0.7617707130756987,1
cg08872313,-1.2882782063238054,1
cg03301331,2.1031574207808066,1
cg00090787,0.24853827274196622,1
cg01476569,-0.5339693764863492,1
cg00165078,0.47571307029775406,1
cg00748589,0.11197613194155741,1
cg22273939,-0.9081174429724244,1
cg15590113,-0.4065094758012038,1
cg00061031,-0.06285811390011468,1
cg12411964,-0.33756461349619704,1
cg01346501,-2.359529539815939,1
cg03350900,1.1450785435293451,1
cg23582919,0.6066788768193461,1
cg19891728,0.3127856102364336,1
cg00743094,0.8274529368996549,1
cg17389212,-0.44704539627074313,1
cg02556940,-0.2439460216598567,1
cg05390144,-0.04216679087342107,1
cg05229035,-0.25050350491750395,1
cg06568490,-0.7438172769833455,1
cg05262711,-0.18253639679333544,1
cg00084643,0.6780092936015666,1
cg11967111,-0.6280084504293629,1
cg14006649,0.4849640224812845,1
cg06144905,1.7243658036977927,1
cg23900070,0.1980024299682168,1
cg24204847,-0.7243730116693087,1
cg20119148,2.3083988260358046,1
cg26652413,-0.7796673973252307,1
cg19586576,0.23376010528470614,1
cg03020208,0.13652593938601185,1
cg23782145,-0.2753537459681789,1
cg16909962,1.0652557271663257,1
cg00458016,1.6464046369483447,1
cg06084073,-1.3500141669800052,1
cg12555334,-0.031372397875195614,1
cg20183519,0.2351010065020253,1
cg16235809,-2.116066262942981,1
cg21186299,0.005604564477592831,1
cg03887721,0.7389458823800825,1
cg18800785,-0.2917172401885127,1
cg09774649,0.4504623973756618,1
cg05030251,-0.8937904479578975,1
cg00252781,2.363249704370348,1
cg04834794,1.0596206363761,1
cg18779570,1.4197395553929684,1
cg14058010,-0.47720297895370667,1
cg12272198,0.020957821948941482,1
cg25319233,-0.474353071747601,1
cg10254690,1.2305580502187887,1
cg18569335,1.1767749014493485,1
cg22454769,4.994741211269543,1
cg23620822,0.06033725297673336,1
cg12685560,0.1920950438620284,1
cg03607117,0.2529260120217362,1
cg04738827,3.3011043468205465,1
cg13300521,0.2681431000874508,1
cg04453471,-1.7478740218007576,1
cg14969094,-0.4333647831970772,1
cg27225658,-0.6610611790393393,1
cg02319990,0.4611530180097915,1
cg12231584,-0.19339928437434237,1
cg22166290,0.26312354124824633,1
cg02321885,-0.6450322078488238,1
cg02066590,0.3347685538049259,1
cg13935689,0.5553148301637755,1
cg13818276,-1.811860120029847,1
cg26248091,-0.5182681402604417,1
cg03594801,0.07631698640941018,1
cg20217938,-0.9473897708266834,1
cg06508005,-1.4262379569763728,1
cg21727223,-1.988147190497398,1
cg15103195,0.6237183932720111,1
cg14690467,-0.2974407223977721,1
cg24150662,1.271292208181831,1
cg23275972,0.7051782450064088,1
cg11326429,0.23453065056684586,1
cg00218404,0.20160147732867215,1
cg19103398,-0.4223967968359616,1
cg08332866,0.774329926493597,1
cg26645827,0.6431542704836353,1
cg08704536,0.07969494309867357,1
cg20790367,-0.02655223287750295,1
cg02202502,0.8552462963547431,1
cg25445931,-0.1940837325004687,1
cg02011607,0.19264539206312173,1
cg07520506,-0.4162884228993919,1
cg23995914,4.845861373929669,1
cg27541691,1.6151801216333683,1
cg00345025,0.542473027607175,1
cg05640731,-0.25488009501596437,1
cg05652533,0.8034096578456783,1
cg05917988,2.356586978916498,1
cg10729426,3.369523155852303,1
cg20897936,0.05665583591500365,1
cg05906092,1.1785848722046397,1
cg02943595,-0.8389316104954269,1
cg20063640,0.3693334146361331,1
cg01810111,3.4455779718287878,1
cg00198586,-0.004135084300338802,1
cg00985983,-0.1946415963859734,1
cg02044725,-0.1670200995331019,1
cg27380904,1.5311142737911583,1
cg22331349,2.0100603916521207,1
cg23500537,3.503633119781555,1
cg23652182,1.4033602443945359,1
cg02638567,0.4564400742856443,1
cg06580318,0.2791442112970773,1
cg05756301,0.32959686457866505,1
cg16580935,0.0812685565168103,1
cg01719854,0.27401177676969923,1
cg15409237,0.8639827821976114,1
cg06075233,-0.5911355524987324,1
cg04368796,1.0870049362975274,1
cg27384355,-1.3016595201497403,1
cg25090514,1.0999529916104356,1
cg03569876,-0.2960993083077611,1
cg05901613,0.20819360321536837,1
cg15082394,1.6074291797666507,1
cg06028917,-1.8035995155460398,1
cg25677709,-0.12116913403437705,1
cg06174454,-0.5275032970349905,1
cg11223361,0.41800160082829607,1
cg09205190,0.523993176900278,1
cg09830866,0.4263781510201261,1
cg19317333,-0.8287433190870108,1
cg17486066,0.6935205720532884,1
cg24531590,-0.6151796256397548,1
cg22625098,0.1511156718919417,1
cg18008766,0.11984851867710837,1
cg06915470,-0.49783721319564844,1
cg13057576,0.3271948993481625,1
cg17419299,-0.4108808750344029,1
cg11276600,-0.21019756866388714,1
cg21442182,0.1749305165112041,1
cg10745498,0.28952167804681594,1
cg02574861,0.09080898638279478,1
cg26830108,1.3922470411672172,1
cg21855910,1.1112019125446242,1
cg12589298,0.8359959996852172,1
cg15022387,0.14889915758365885,1
cg07589899,1.2958352207929855,1
cg23999833,-1.2912021550691077,1
cg01058070,0.30266621378718456,1
cg14692377,0.6296984301943576,1
cg26877720,0.04407509433334151,1
cg15884430,-0.30949769051991044,1
cg03507326,2.0151831053178646,1
cg13891021,-0.20954104900857426,1
cg02779535,-0.6518080123923472,1
cg00460776,0.3009848329280946,1
cg21467631,0.7902188809020121,2
cg07617814,0.37092159123225765,2
cg05279291,1.871028485886674,2
cg03555227,1.4290216367690616,2
cg15110848,-1.6143363269933046,2
cg25977026,0.3188203741024268,2
cg08946658,-2.117258109493894,2
cg23239690,-0.06460682124831703,2
cg08378286,0.2942024894966417,2
cg25410668,0.9777985229239669,2
cg18861551,1.8195299114979413,2
cg14808040,1.3506708002055898,2
cg01329687,0.3199680383932766,2
cg02633036,-0.5542443662329535,2
cg08140114,-0.3697960942703989,2
cg02525637,0.1279566810616278,2
cg13043300,-0.47341919173075986,2
cg00767977,1.2572389354796094,2
cg11400761,-1.0350748725266166,2
cg19060970,1.3919247141285447,2
cg02800571,-1.776237523733607,2
cg06707236,1.4183791394766092,2
cg12082793,-0.384730194710743,2
cg18184053,-1.1035219364146487,2
cg15420468,2.027200215598461,2
cg07992385,-1.3472350812489384,2
cg01225525,-0.5150512126460759,2
cg02732509,0.7794508237373453,2
cg04029483,0.01640753372661564,2
cg01910125,0.7257958656711224,2
cg01059704,0.819091658060635,2
cg13621113,-0.008988508779663663,2
cg10443148,0.02648743163970961,2
cg16767590,-0.11252585726117979,2
cg02176725,-0.18614721315350924,2
cg17380091,-0.7780810693239758,2
cg01155404,0.5901032515911737,2
cg08520742,-1.1875472761476633,2
cg17519955,0.8156234360373139,2
cg11181763,0.6932394254060935,2
cg07172885,0.4813970315459336,2
cg27658391,-1.1981586716989674,2
cg17419049,0.07020377576641398,2
cg12480562,0.34654091212099813,2
cg16259931,1.6072673270219127,2
cg23854009,0.03584132089477316,2
cg18603577,-0.6520410691648658,2
cg25744613,-0.3888689138974887,2
cg05632908,0.16247740360842616,2
cg00181419,0.01773733857948622,2
cg10048490,0.7835788392769787,2
cg20371046,1.5205218402470864,2
cg11486285,1.0636568763387921,2
cg10514714,-0.07183388912744273,2
cg19862272,0.9305617365324923,2
cg07126399,-0.8180860841236209,2
cg17233806,-0.0688632113927158,2
cg16741128,-1.3010129247284832,2
cg04953238,-0.6312124895807814,2
cg27011829,-0.2922033849957077,2
cg16164923,0.35784152872681335,2
cg12647283,0.4182623385484811,2
cg16601415,-0.4177860707008037,2
cg08491437,1.0617910272881756,2
cg16138557,-0.09574190053635721,2
cg21685387,0.6850665202051149,2
cg06754987,-1.3187548815397752,2
cg05279643,-1.170948060849526,2
cg17010657,1.0520448404362956,2
cg11036672,0.31327590294576246,2
cg10917910,2.2112181094339705,2
cg03610636,-0.1271587999870176,2
cg03062881,-0.7892906050470875,2
cg08161081,-1.820682790326136,2
cg08055330,0.2854852426635471,2
cg19937878,-0.4836292645035856,2
cg22322679,1.8691398956516816,2
cg00877691,0.1836291069847273,2
cg20623949,-0.47670070727820213,2
cg12061531,0.14617932438067405,2
cg26266274,0.664925236472448,2
cg26419091,0.002834332937858435,2
cg00624037,1.4251503612645164,2
cg08746496,-0.6702172787482491,2
cg14505299,-0.3727834779041095,2
cg11650704,2.3163761440093107,2
cg20837354,-0.8254757561785352,2
cg07908679,2.787798817318034,2
cg05381353,-1.6396619622045268,2
cg24221373,-0.17309095836941463,2
cg06660057,0.16536170537006553,2
cg26328951,0.1766487405505335,2
cg11888359,0.08677499091702483,2
cg10256242,-0.3921698810806492,2
cg18440523,0.006615411226060967,2
cg00175153,2.1194266314928885,2
cg02576440,1.8459225617673038,2
cg20915763,-0.1334345526156404,2
cg05304729,0.21701772996520347,2
cg23040782,0.21593252669137486,2
cg10125636,0.21783566950167924,2
cg05228359,-0.20773652801651774,2
cg01692482,0.22731613181575747,2
cg17240133,1.3382010847594592,2
cg23123731,2.416970135202087,2
cg15068641,0.2036045939321851,2
cg01244346,1.3282456121210935,2
cg01410314,-0.44653080265289896,2
cg00590251,0.4387553468983983,2
cg12601909,0.7477381610006397,2
cg23297230,0.44112564183947156,2
cg14582691,0.11870441933357447,2
cg26962533,0.4862105644730786,2
cg01763090,0.21792230063670656,2
cg17303119,-0.5785897538099676,2
cg20435267,2.000978196443837,2
cg11230435,-0.24230870311208194,2
cg16109680,-0.49103638703742647,2
cg26048334,0.5446026789762614,2
cg08172575,0.08568375323679572,2
cg03261682,-1.3789558209825754,2
cg02049979,-0.19486724044609638,2
cg03080538,0.15628342596231948,2
cg12002745,-1.0436986277876574,2
cg02626307,1.4558880373096605,2
cg12217291,0.05269051655296978,2
cg26451345,-3.0403988522912178,2
cg07521789,0.4465498724229911,2
cg08770761,0.683467942426732,2
cg10403251,-0.3763583808918111,2
cg07177395,-1.5188645012049173,2
cg17490283,-0.5235112741200163,2
cg23575858,2.922918750314776,2
cg03043671,0.15875604932839554,2
cg11864326,0.295391337454793,2
cg03755158,-0.7255337111397585,2
cg21548950,-0.8751574231254343,2
cg07593205,-0.04705086309593711,2
cg23396732,1.825674372604901,2
cg11654118,1.9644933356089775,2
cg02464551,1.0218674738983855,2
cg17861206,-1.2635577804053468,2
cg23796243,0.9303314679554522,2
cg05641048,-1.0858725379668308,2
cg26247373,-0.8677973802987042,2
cg20121753,1.305738517695488,2
cg14676592,1.9590169578053616,2
cg11335119,0.4026461256557181,2
cg11956467,0.2810000896783709,2
cg24459227,0.3669134259789483,2
cg19668476,0.2572147626891766,2
cg02243303,0.03741875790966268,2
cg25614364,-0.019447673884540346,2
cg14480507,-0.22592839128165124,2
cg19946376,0.4232143543706979,2
cg06539449,-0.6056316642058719,2
cg03440944,0.3709080777227732,2
cg11071401,2.21537603250408,2
cg24396686,0.31106916669187934,2
cg16143325,-1.3467850044790188,2
cg00208967,-0.47921226023893687,2
cg00944304,-0.7737968280079354,2
cg25255602,0.1020368432234087,2
cg22016859,1.59621614341389,2
cg21435375,0.381277001583975,2
cg04658615,0.7701670063025988,2
cg03370704,-1.5669438474765196,2
cg13828701,0.23352583314158717,2
cg23674189,1.3039628433839152,2
cg07033395,0.29988030422650314,2
cg08951273,1.3953609927161625,2
cg10574861,-1.3711495709963448,2
cg15288779,3.114052474991139,2
cg05364179,1.9072895837129327,2
cg03661324,0.8047636342945246,2
cg07252363,0.3287484852197978,2
cg24408776,1.5215978911345232,2
cg15623062,0.18918243233309026,2
cg16867657,8.30395135803804,2
cg10016004,1.073190421716259,2
cg21956434,1.5697521098964953,2
cg04741211,-0.2841356146583208,2
cg16033151,-1.2276493662990895,2
cg20430101,-0.38908931465002417,2
cg01140247,-0.3738605050455819,2
cg08869700,1.4124027828726,2
cg16371518,0.139787216262691,2
cg25317233,-1.3347989970263194,2
cg17866044,-0.9420993102828453,2
cg23209302,-0.12246892383950961,2
cg06661988,1.2578193324569586,2
cg08026930,0.3288440085408561,2
cg20689661,-2.159550121501239,2
cg24143374,-1.230640969970394,2
cg06511274,0.04347447138124474,2
cg22036538,0.13307892105899466,2
cg13447033,0.22157388354516178,2
cg13472359,1.000193552383573,2
cg04566359,1.6341817941374825,2
cg21610297,0.13566817050412205,2
cg20542619,-0.4035485930971616,2
cg21787249,-2.365195956163545,2
cg15330654,-0.4794249357560638,2
cg20082096,-0.1805465050171833,2
cg07916011,-0.058266495797513126,2
cg22228613,0.2257696810910775,2
cg09123577,0.9560953163909383,2
cg04885315,-2.071478263111211,2
cg07788865,-0.6947916351832044,2
cg07914282,1.2005498361739528,2
cg21241823,0.021849882007838856,2
cg03485840,-0.49305968212720314,2
cg13221796,-0.5207975363912651,2
cg18086520,-0.11523825148432024,2
cg18784113,-0.6501735837707909,2
cg02858808,-1.109237817517263,2
cg27180671,-1.881100443989136,2
cg03458957,-1.3647226728828357,2
cg03092482,-0.34289759980434786,2
cg27360300,-0.12881598430048516,2
cg17015340,1.0350173863166248,2
cg05880944,0.45171040957937725,2
cg23586440,-0.910153362337517,2
cg14869949,0.2147313592565234,2
cg19841423,0.28422790982187307,2
cg11463380,-1.884675379759393,2
cg01554316,-1.1084034068060886,2
cg05521261,-0.05715804880939584,2
cg24406771,0.1282904209370364,2
cg14006905,-0.5931334694622258,2
cg00028336,-1.3632780905591095,2
cg17753124,0.6194637444377522,2
cg05890243,-0.5360154972957314,2
cg00584026,-0.5882161061642,2
cg21211187,0.553068533043721,2
cg14514991,0.2007078171824606,2
cg06555661,0.5178288562329076,2
cg00360610,-0.8038220466389019,2
cg00533390,1.6502541418164491,2
cg01375259,0.05851598445886487,2
cg13389146,-0.2287716955832616,2
cg00701951,0.40360969552731984,2
cg04845871,-0.4203892838896196,2
cg15965383,-0.6965246453604486,2
cg07066898,0.07055171743586114,2
cg24332743,-0.4425193113121477,2
cg19683251,-0.07646637206900482,2
cg11868461,0.20746311821867644,2
cg03702686,0.6484644950208485,2
cg02902637,-0.210145852984678,2
cg03032497,1.6774235150218493,2
cg24854681,-0.2929843479560924,2
cg02272851,-2.917679349879051,2
cg16015474,0.10537143571270977,2
cg25237970,0.4440887353080339,2
cg12670943,0.41357266604964565,2
cg03406993,-0.6504759190473267,2
cg26517584,0.5603286129450048,2
cg14848772,0.7027054679817349,2
cg04645070,-0.6376857864854185,2
cg03030419,1.2451523155748043,2
cg11601336,-1.269165457940042,2
cg02320937,1.96821232696465,2
cg16886882,1.2816254627556751,2
cg18424233,0.11903145003814274,2
cg05258294,0.5835984371535642,2
cg06212670,2.192298707875387,2
cg26195652,-2.244494940948927,2
cg05529123,0.9825941611405564,2
cg06684503,0.06841659649604809,2
cg01868791,1.435131624003724,2
cg15447059,-0.06518083640457378,2
cg22705929,-0.1445815128837911,2
cg18541042,-0.9383536144776408,2
cg01456989,1.3674170742070482,2
cg01459453,-1.6917432509167938,2
cg26548187,1.5190638525100668,2
cg14349862,1.5830119023984044,2
cg05640322,1.0539756692589393,2
cg14936266,-0.372641282415929,2
cg02076607,1.7147640217884732,2
cg22876153,0.516453968884621,2
cg08461692,0.5218343528223415,2
cg14429457,0.7570920248188602,2
cg03476109,-1.4121971804364066,2
cg03649284,1.048794312539797,2
cg17284536,0.9957784888828479,2
cg24144105,0.14402903380058363,2
cg01200264,1.5093896522946864,2
cg01010923,-0.5616785649112499,2
cg02839351,-2.2514025002696365,2
cg12977135,2.8742713111489584,2
cg26921969,0.3971611777469114,2
cg02243665,-0.49151931408229993,2
cg19465320,-0.9783545007592882,2
cg24703533,-0.26226293923772503,2
cg12428326,-0.9330147183550221,2
cg11251728,-0.043846935229931494,2
cg04712895,1.403147995270977,2
cg09746086,-0.33635429778288056,2
cg14614689,1.5460362078791108,2
cg27481837,-0.16357742243923074,2
cg00630781,-0.7996444884522166,2
cg15858166,0.33514799745809404,2
cg01921956,0.19916434748669729,2
cg08889930,-0.0060626827599939166,2
cg12850242,0.23710615418847425,2
cg19908207,-1.8036961267826663,2
cg01431482,-0.06582921633102631,2
cg21746711,-0.5331326966617653,2
cg06201717,1.0436740405542413,2
cg11435167,1.1454398513060038,2
cg03328388,-0.5033802927569127,2
cg22626985,-0.09895396957769614,2
cg01912040,3.095604206580267,2
cg19263069,-0.34170261826652826,2
cg25634000,-0.0794635998948699,2
cg22736354,2.3209239024508292,2
cg15349474,-0.26503631460888366,2
cg05247391,0.12612064889401328,2
cg10234511,-0.7834796144181633,2
cg24042452,1.4047705686113643,2
cg14384960,1.2829630339788027,2
cg09790270,-0.3430695236230885,2
cg23885131,-0.1962829409371553,2
cg16668397,-0.5903942481837701,2
cg04304687,-1.1817826540376586,2
cg14755066,2.0257301160739813,2
cg17729253,-0.5433715965998999,2
cg03614916,-0.1097083205745842,2
cg04437845,-1.1650065494523403,2
cg15243542,-3.069307973296973,2
cg22654656,-0.9892247965383388,2
cg11553687,-0.739117618812153,2
cg05537316,-1.249513259967775,2
cg14215338,1.7740059102414698,2
cg10021411,-0.5902745050791014,2
cg16419526,-0.30301619835647237,2
cg06100618,1.3606934415014655,2
cg05031424,-1.1089217272857923,2
cg15507449,1.085096122570812,2
cg07654588,-0.17703952259550587,2
cg02376097,0.7795800242358893,2
cg00170714,-1.3082185234100088,2
cg09900266,-0.7619705690057476,2
cg06737494,-0.012438704383152314,2
cg04286438,-0.9165528040226059,2
cg25478614,0.6929306021611774,2
cg07268240,-0.002317262838550317,2
cg22040823,-0.7100107586174528,2
cg04212239,0.14887112289904303,2
cg09228402,-2.033974060353184,2
cg05188268,-0.10265688587909481,2
cg09197332,-1.8845541705283393,2
cg27154237,-0.17605992723749533,2
cg27019093,-1.120416607854638,2
cg09673570,0.8583263218041285,2
cg08795515,-1.0985623192151048,2
cg00997798,-0.5578981006041138,2
cg14415079,-0.24834684441744279,2
cg26204477,-0.38405446515865044,2
cg13309461,1.5249828111092136,2
cg19431495,-0.03251562560710264,2
cg27420049,-0.2411079362611181,2
cg11938367,-0.6394313373956625,2
cg13324128,-0.7803783695724326,2
cg01649611,-0.41037929021912894,2
cg21672829,-0.5813325719712923,2
cg00822157,0.8554583238774635,2
cg10477073,0.036019428761902,2
cg20571513,-0.06829925366873237,2
cg00167158,-0.6592366074649691,2
cg24052417,1.0686036948938546,2
cg14043774,-0.11973322147130294,2
cg11498582,0.3303261817323654,2
cg08322244,0.4017567481533836,2
cg12031740,-0.7450080225112522,2
cg15048099,-0.09729258132685183,2
cg19473653,0.4607677131933146,2
cg26028489,2.1816267963303275,2
cg08730747,1.557408672790998,2
cg08509270,-0.3254316770351014,2
cg13096351,-0.741322351951477,2
cg19399220,0.4494820870547296,2
cg17882322,-0.5940025018754924,2
cg05532093,0.1389444426585935,2
cg17474222,0.4236784779801191,2
cg22920873,-0.09692278544192945,2
cg09909478,0.1657488225715597,2
cg00021762,0.159137787944332,2
cg17265115,-1.3127147428514414,2
cg13526756,0.30400152932416435,2
cg08709013,1.3497606031161187,2
cg03526142,0.9301065864349525,2
cg04177015,-1.7159314914956234,2
cg11846559,3.894900531753081,2
cg16946687,1.5133342201864222,2
cg04322596,-0.44876596583308825,2
cg12575511,0.6051094244471672,2
cg06226384,0.7952466203641424,2
cg04170948,0.15834003569684377,2
cg26873644,0.07859585586030868,2
cg08014320,0.2607485307394237,2
cg10475014,-0.6531555246401581,2
cg26013733,-0.933349500605543,2
cg24873171,-0.5778323954077008,2
cg03465682,-1.299892984760774,2
cg19122460,0.3932597210367207,2
cg06639320,0.8343424361914149,2
cg09565237,-0.33898495915102234,2
cg24960149,-0.3204833724234853,2
cg05222243,-0.011131438176864827,2
cg16709403,-0.5525328690882897,2
cg12376271,1.0160088608497324,2
cg02993699,2.229457762445277,2
cg05638500,-1.3563568927634517,2
cg24724428,0.7023656171051403,2
cg20382028,-1.1046436468164411,2
cg03545227,0.27678322044322456,2
cg03711802,0.9443711541300254,2
cg12926839,0.029550829064758238,2
cg10703619,-2.39718781024554,2
cg09953710,0.5192953236958727,2
cg07220650,0.09364262503682656,2
cg14431361,-0.5469243106696995,2
cg06922393,-0.7305948465587357,2
cg01386314,2.078421876684367,2
cg24752354,-0.17479626966044287,2
cg06340161,1.7344735476049404,2
cg20821314,0.57316943515605,2
cg26662656,0.43216332336997937,2
cg04960880,0.4076505600629818,2
cg05133814,-0.6787548357806746,2
cg19908856,0.6812485028956752,2
cg15677364,0.15281175462738875,2
cg04477005,1.8485773479830443,2
cg20018563,0.1091722078797189,2
cg21236182,1.4961710063999367,2
cg15599483,-0.33263073500003576,2
cg01912578,0.7852231544191262,2
cg24191816,0.8552256891536667,2
cg09445967,-0.28722839849212284,2
cg12728461,0.5212031935333986,2
cg08140609,0.46633444571276594,2
cg20312457,5.275618703236414,2
cg07798602,-0.6168975755842754,2
cg16626322,0.10768224217022133,2
cg03467047,0.0875724760167509,2
cg26406292,0.49758111931934745,2
cg01109333,1.0937250831871201,2
cg23193759,0.8526893268358733,2
cg01008495,1.4498303719261783,2
cg03341233,-2.6534570740758134,2
cg25382032,0.3360736560254999,2
cg06413794,-0.4658158237780616,2
cg16309350,0.3807011044172403,2
cg07122805,1.6074859805836406,2
cg22548551,1.010102344155287,2
cg17243289,1.7870500759051362,2
cg24137448,1.4031334080008735,2
cg24927323,0.6706290630487542,2
cg25284213,0.39036797962167463,2
cg19972788,0.7846184754874117,2
cg03495084,-0.0876194587970215,2
cg14184729,1.6803928973500684,2
cg20953047,-1.2747668351165415,2
cg13201172,1.2124364107972805,2
cg07032866,-0.36465703403789,2
cg20234855,0.2651511040763927,2
cg11594887,-0.9701753755770988,2
cg07364162,0.8891027635977533,2
cg27498197,0.021101738387514588,2
cg09423181,-0.37866041300008557,2
cg19308436,-0.4058536237745923,2
cg21399778,0.37497852043960117,2
cg09665406,2.133490084651815,2
cg23493018,-2.208588193631898,2
cg14959707,-0.2809674889885665,2
cg22263059,0.06058066517820986,2
cg08514304,0.060988354908099514,2
cg04241863,0.8282892646316755,2
cg06030846,-0.5946693968567232,2
cg23750206,0.3864143338625364,2
cg07272677,1.8256613079072141,2
cg18155101,0.18390856165790215,2
cg03649060,1.1414910895950576,2
cg22212250,1.6956214801767067,2
cg14044216,3.081515044385665,2
cg05708550,0.14660600805500842,2
cg03553786,0.22377259667514762,2
cg07523958,0.14515738668514236,2
cg20005760,0.8137961834934336,2
cg13047306,0.3079852948917578,2
cg13484553,0.5098274067213432,2
cg15488596,0.8669526749243118,2
cg20436707,0.7523400327676729,2
cg27025722,-1.7006358272867403,2
cg08677954,1.0592011260510084,2
cg04256466,0.1963646180395967,2
cg02128483,1.8612808685545421,2
cg08143197,1.8717327420059957,2
cg27135113,1.3438860367873282,2
cg10583997,1.069573125926479,2
cg07461273,0.4290905869014784,2
cg02402882,0.27061900224453445,2
cg10109146,-3.0130888854930924,2
cg15318662,0.9055411859678278,2
cg11359984,0.07081634661111637,2
cg08739115,-1.6610518877126945,2
cg04914126,0.06743036267545487,2
cg12528835,-0.15062943736993648,2
cg05525368,0.6448039518328224,2
cg21197224,0.4021578935781292,2
cg00740914,-1.509385697710989,2
cg11229185,0.06702905484234681,2
cg27338302,1.1016849634123107,2
cg22455720,-1.2658378459362103,2
cg26996885,0.5914255663896822,2
cg23611643,0.04645403466422798,2
cg27052183,0.41384155436671877,2
cg11818438,0.6489227654935358,2
cg26913669,0.14778570261283464,2
cg18254586,-0.28943160152812014,2
cg26876834,2.5273401484593667,2
cg09439722,0.38239850506937717,2
cg02650512,1.0713292478945624,2
cg10532980,0.7021690869853185,2
cg16012294,-1.7105256960337467,2
cg05933116,0.020187276677248962,2
cg17120578,1.5904253297981457,2
cg20502006,2.7524702882451435,2
cg20692569,0.8782311557260166,2
cg00774149,1.3808847514176954,2
cg18493314,-0.4669112683865183,2
cg01939535,1.7783915750813915,2
cg01247693,1.0776317692307003,2
cg24118856,0.7988917156697621,2
cg07155013,-1.5615830499869292,2
cg13554878,1.8455003366469096,2
cg26413730,0.3985715388250038,2
cg13893358,0.050839952098140045,2
cg16374343,-0.7991417351205806,2
cg01512113,-2.6406420986596753,2
cg12772314,0.6689581345447175,2
cg27269148,0.35677149902360616,2
cg11966886,0.36956326290395214,2
cg08541518,0.09355436114862352,2
cg02004370,0.02791981547036422,2
cg14064148,0.02086938130493168,2
cg15563355,2.63802517477013,2
cg22629266,1.1654745185117894,2
cg00387551,0.24925371371927593,2
cg22599122,1.5545467667418593,2
cg04094193,3.2440932075166358,2
cg25004441,-0.31586309610013336,2
cg17425351,1.1322719754473747,2
cg00532335,-0.43330468806169786,2
cg03576555,0.1281028182905597,2
cg09135913,-1.8332572789089634,2
cg05208050,0.8412203303899644,2
cg15823461,1.3742030290123146,2
cg03661054,-0.5112599314348938,2
cg03250779,-0.3091564761286379,2
cg15393490,-1.5074954835427552,2
cg00601711,1.7625050787946794,2
cg07209977,-2.1979544065816192,2
cg15181905,2.7999325828627923,2
cg15797101,1.0280157723778183,2
cg07196505,-0.10743362501382352,2
cg06955716,0.7497850041166746,2
cg02675173,0.018408114941849914,2
cg14756040,0.6952549127483183,2
cg25865120,-0.14101109494119607,2
cg00906908,-1.0030165127385446,2
cg13887029,-0.6931595668608111,2
cg26318502,0.3775503257344493,2
cg23606718,0.6520531512178773,2
cg07164047,-0.6485311230167919,2
cg05632420,-0.8223949732428141,2
cg26075408,1.0290531746607183,2
cg00222656,-2.094229699530406,2
cg11429283,0.2407685168804962,2
cg16048006,-0.11656393251260092,2
cg04880546,1.9653516376197828,2
cg12514868,1.0457140146407475,2
cg18831134,0.7641752101632457,2
cg23507761,0.7124711862053439,2
cg18845417,0.21638767067018932,2
cg15115984,0.3072396094273902,2
cg14819229,2.1371376083041054,2
cg26140475,-1.0541415973443182,2
cg03855954,-0.025275452477947383,2
cg11811840,0.8702835032172063,2
cg24681499,-1.2772569888653011,2
cg26546113,3.0060704595790684,2
cg24027320,1.1632540758056125,2
cg07680129,-0.008716051530537793,2
cg10564791,-0.5843599788129875,2
cg17540806,0.3381814373830896,2
cg11601932,1.8412525082354645,2
cg22996170,-2.728585446173485,2
cg02929780,-0.4766683904186192,2
cg00853853,0.8556120724997313,2
cg25876227,0.7677402404495692,2
cg08203849,0.682289434472208,2
cg12063018,0.3281467361539917,2
cg11064738,-1.4466988393203772,2
cg25953133,-0.2840088001204301,2
cg13166781,0.6152574789975112,2
cg04614290,-0.21953034340577196,2
cg26427827,1.2104599414668373,2
cg02766482,-1.2260999329318534,2
cg14578500,-0.22155900488373578,2
cg09252214,-1.3630951717989181,2
cg09988995,-0.6697436145676753,2
cg11182160,0.7734395977422077,2
cg23483765,-1.0660670858732348,2
cg07303143,2.7019048511851453,2
cg21196551,-0.12664196658669602,2
cg06832820,-0.0664684612238725,2
cg06637032,0.710543534009953,2
cg25427880,0.34760118745063084,2
cg25581822,0.5526387632367337,2
cg03681150,0.7130641031562381,2
cg20940044,1.7398408961634766,2
cg22199118,0.8985774086879539,2
cg00667298,-0.297747478250383,2
cg17352276,0.33844612189524803,2
cg17896965,2.117087566922122,2
cg04023742,1.0607467312456962,2
cg04850875,1.4638875554262913,2
cg05061107,-1.3792846660654934,2
cg10449409,0.3661199928297555,2
cg10469507,-0.4128887285336295,2
cg26283098,-0.9190640455713364,2
cg12451155,0.4821156406798395,2
cg18244508,-0.7111478511122092,2
cg04717595,-1.450439027165052,2
cg01259871,0.6794699762841108,2
cg10623221,0.5823162468143358,2
cg02063846,-0.901966008521034,2
cg24358467,0.061182998735639677,2
cg15467759,0.34443377460899016,2
cg25291978,-2.073537302890356,2
cg06319762,0.8967140998205267,2
cg22233020,-0.04413595809122769,2
cg22912497,0.3148634928670746,2
cg13941669,-0.33010910772428115,2
cg24105287,-0.8720375588236843,2
cg11048797,-0.6253598667221275,2
cg08971859,0.36178591284117373,2
cg00707814,0.7162539063402688,2
cg18276125,-0.5044901107218507,2
cg12560772,-0.7731450136951935,2
cg13826105,-1.3952681134177813,2
cg09623845,-1.2342100055434373,2
cg24924502,-2.253671660945921,2
cg14555736,0.7436598221598004,2
cg18586851,1.731087990439548,2
cg01071511,-3.38146895860037,2
cg07342258,0.6110171233443,2
cg03303325,-1.707233058305988,2
cg24107453,-0.8988194502884869,2
cg12640653,0.4180368952106982,2
cg24824371,-0.03154778437760678,2
cg01917340,0.8623817870131829,2
cg08955995,-0.281395756030223,2
cg21572722,2.189657827499539,2
cg00621899,-0.22050363436963524,2
cg02835462,-1.2654092451808625,2
cg27518993,0.04476594053592857,2
cg27523527,1.0092611703322345,2
cg00723041,-0.7232572387667224,2
cg12157377,0.7331807574268531,2
cg19526600,1.015750863831286,2
cg17112707,-0.05896584987007483,2
cg06128142,0.5444952668338279,2
cg19047670,-0.3769322968062943,2
cg14996263,-0.18742464739966228,2
cg01869288,-0.35302541259923437,2
cg27426151,2.0353171365015195,2
cg17514353,-1.7117940535008238,2
cg10501210,-8.668426262584095,2
cg02561802,-1.1065091179886195,2
cg06191348,-1.7393046729324435,2
cg24748631,1.2768655961041604,2
cg00162859,0.5747921828721009,2
cg02262037,0.165118273154499,2
cg18139195,-0.18009716678845017,2
cg11599721,0.9827799315191685,2
cg09862914,0.6933043613746347,2
cg08738571,-0.48419153308281077,2
cg16601094,-0.3144904069270934,2
cg25405922,0.7176543501777308,2
cg20439656,1.0630012946159495,2
cg10010103,-1.307710909533409,2
cg26806835,-0.8439920510203193,2
cg06648759,0.5950595653099625,2
cg26268968,-0.7611131338181455,2
cg08367318,0.8629630892247224,2
cg09609051,-0.2212906050220557,2
cg26360924,-0.9911912952964005,2
cg12076692,-2.079031302455823,2
cg08872313,-1.214274438158047,2
cg03301331,0.34719090587750767,2
cg00090787,0.45926984270900895,2
cg20907051,-0.4159796700401996,2
cg20188214,-0.09237965917071722,2
cg04862264,-0.32894063186830974,2
cg00165078,1.1223575483682966,2
cg15590113,-1.0903899658401939,2
cg04881751,-0.5886370185319951,2
cg00061031,-0.5138981261287248,2
cg15445000,1.181532551949436,2
cg12411964,-0.5900718821560952,2
cg15734942,0.17618921030592916,2
cg01346501,-0.07923710727355918,2
cg13620715,0.10638899462846664,2
cg03350900,0.1981485679390062,2
cg17389212,-0.362401821036435,2
cg02556940,-1.2554483824359717,2
cg27224971,0.30788231167966945,2
cg05390144,-0.7501443597001594,2
cg05229035,-0.7530287203322245,2
cg06568490,-1.6545455479647628,2
cg00652332,0.5308818502933345,2
cg05262711,-0.21673401358908176,2
cg00084643,1.5929768146274192,2
cg09868882,-0.7711163220227811,2
cg07339155,0.16512150241184412,2
cg11967111,-1.2109595236051127,2
cg14006649,1.4898929567159327,2
cg06144905,1.3335283978327503,2
cg23900070,0.8438454098710487,2
cg24204847,-1.5113570507505998,2
cg20119148,0.7979769489308031,2
cg23782145,-0.7036443606144921,2
cg00458016,0.0026393878868168105,2
cg06084073,-2.1073993766375807,2
cg20183519,0.7704943917095501,2
cg16235809,-2.159707488291471,2
cg17152322,-0.1788967188248998,2
cg07224469,-0.07854661148150634,2
cg03887721,1.3249011950390182,2
cg18800785,-1.348256873492858,2
cg09774649,0.8769430428710199,2
cg05030251,-1.4777283594953734,2
cg00252781,0.3872787884460276,2
cg18779570,1.733915480700683,2
cg12272198,0.3434186944969014,2
cg25319233,-1.3431474659773106,2
cg15375424,0.05082165854284748,2
cg07201475,-0.23090918472468167,2
cg22454769,1.512244812552668,2
cg11615607,-1.6134654196797975,2
cg27445792,0.5175564625529813,2
cg04738827,4.531860901824783,2
cg13300521,0.5769633988333122,2
cg04453471,-0.33693759631511794,2
cg05946118,0.15752511306424635,2
cg14636714,-0.42865835610423914,2
cg05641348,-0.3377777469689918,2
cg26518431,0.4608106669038594,2
cg27225658,-1.467340611532309,2
cg12110846,0.13303809596696742,2
cg02319990,0.9482574485800881,2
cg12231584,-0.5620396590921743,2
cg03873930,0.21807246419365342,2
cg02321885,-1.5540134353246025,2
cg02066590,1.0918733427005964,2
cg11777870,-0.15544593716920244,2
cg13818276,-1.9693214167513604,2
cg26248091,-2.48335562573077,2
cg01701837,-0.01744673808439978,2
cg03594801,0.6609433873196399,2
cg20217938,-2.438638812693007,2
cg04908961,-0.6481048404998044,2
cg06508005,-2.168668084587112,2
cg08164720,-0.5646665427176563,2
cg21727223,-0.5439722599526301,2
cg03794214,-0.32273569483175735,2
cg14690467,-0.9114983229740313,2
cg24150662,1.9830065207771352,2
cg23275972,0.7675061039510289,2
cg00218404,0.8970028994538686,2
cg19103398,-0.9427173416035962,2
cg08332866,0.7310774474554838,2
cg07379703,0.4543723082224273,2
cg26645827,0.4986168145227785,2
cg08704536,0.5733409375631586,2
cg05238606,-0.16611392386140747,2
cg20790367,-0.382336343571689,2
cg02202502,1.562080439873889,2
cg25445931,-1.2506474638590488,2
cg07247610,-0.33004149044810416,2
cg02011607,0.13969134303949007,2
cg07520506,-0.44221569594581217,2
cg23995914,1.7439723621535212,2
cg17360338,-0.15549081551393473,2
cg21220462,-0.09686288187166145,2
cg27541691,0.057678646614188325,2
cg00345025,0.21589095326090463,2
cg05640731,-0.7674603968904462,2
cg04642105,-0.10391633185861872,2
cg05917988,0.22319932693181754,2
cg10729426,0.133423604925366,2
cg02943595,-1.9200889470952558,2
cg08657705,-0.2769750486025673,2
cg20063640,0.6483696333284492,2
cg22454370,-0.4652468952919469,2
cg02734600,-0.207465580631275,2
cg01810111,1.376375808379017,2
cg00198586,-0.5929586065750803,2
cg00985983,-0.7478253088305604,2
cg04834572,-0.18938043609501423,2
cg02044725,-1.0284824478225532,2
cg27380904,2.601042398419604,2
cg22331349,0.3790650596353565,2
cg01430430,-0.0806178134288458,2
cg23500537,2.8966455378779945,2
cg00002080,-0.7415999277737543,2
cg02638567,1.2634993022924261,2
cg14632180,0.009104060849159932,2
cg05756301,0.3707035544912779,2
cg16580935,0.10286633875594564,2
cg01719854,0.18385413557348357,2
cg15409237,1.013542642571806,2
cg06075233,-1.381123625040938,2
cg27384355,-2.5251887583557973,2
cg03569876,-0.8454914823386083,2
cg00518190,-0.2816220033456683,2
cg05901613,0.6323492100354284,2
cg04962026,-0.4162392121710073,2
cg15082394,1.8908234305490756,2
cg06028917,-0.7413205338578586,2
cg23816537,-0.24190226938365356,2
cg25677709,-0.9829583209112447,2
cg17314478,-0.04231843502517099,2
cg06174454,-1.214756853107048,2
cg11223361,1.289876791522936,2
cg09205190,0.5211727235428443,2
cg05333279,-0.314572129300131,2
cg19317333,-1.8656752055488428,2
cg18729787,-0.12318440209257883,2
cg00330825,-0.5221386451182436,2
cg17486066,1.3610339313367696,2
cg24531590,-1.6085729034949932,2
cg22625098,0.2723456058256442,2
cg00755423,-0.12263324658051049,2
cg06915470,-1.9456644971037735,2
cg20456620,-0.7369231325344977,2
cg10822545,0.025032815694980795,2
cg13057576,0.5802175738314268,2
cg17419299,-1.551034311124353,2
cg11276600,-1.2427331062905895,2
cg21442182,0.470222024517496,2
cg10745498,0.9639147891476069,2
cg22030047,-0.21779181795469976,2
cg02574861,0.10735223123377798,2
cg20108600,-0.469543113405815,2
cg21855910,1.6903837330568794,2
cg07589899,0.6892031785463115,2
cg23999833,-2.3338060707387744,2
cg01058070,0.6355128937176359,2
cg26877720,0.27523628057212246,2
cg15884430,-1.305152883616434,2
cg04623131,-0.32209915280446216,2
cg03507326,0.9053047600675818,2
cg13891021,-1.0255254947058348,2
cg02779535,-0.6136246335984203,2
cg22909935,-0.09011788675034477,2
